"""n.G""","""n.ID""","""n.CATEGORIE""","""n.DATE""","""n.QUART""","""n.PDQ""","""n.LAT""","""n.LONG"""
1,90,"""M�fait""","""2018-03-31""","""soir""",23,45.5474975160032,-73.5474517276607
1,91,"""Introduction""","""2018-03-30""","""soir""",23,45.5571799133696,-73.5319747490465
1,92,"""Introduction""","""2018-03-30""","""soir""",23,45.5571799133696,-73.5319747490465
1,93,"""M�fait""","""2018-03-30""","""jour""",23,45.54114436072,-73.5399326022735
1,94,"""Vol dans / sur v�hicule � moteur""","""2018-03-30""","""soir""",23,45.5468201845425,-73.5514181965384
1,95,"""M�fait""","""2018-03-29""","""nuit""",23,45.5450707147664,-73.542507586756
1,96,"""M�fait""","""2018-03-29""","""nuit""",23,45.5448725266592,-73.5449729717175
1,97,"""M�fait""","""2018-03-29""","""nuit""",23,45.5472974385137,-73.5440798015942
1,98,"""M�fait""","""2018-03-29""","""nuit""",23,45.5472974385137,-73.5440798015942
1,99,"""Vols qualifi�s""","""2018-03-29""","""jour""",23,45.5436262120149,-73.5457336516918
1,100,"""M�fait""","""2018-03-28""","""jour""",23,45.5547793126256,-73.5468521644955
1,101,"""M�fait""","""2018-03-28""","""soir""",23,45.5431042875012,-73.5413955614135
1,102,"""Vol dans / sur v�hicule � moteur""","""2018-03-28""","""soir""",23,45.5582936121359,-73.5487759745289
1,103,"""Vols qualifi�s""","""2018-03-28""","""jour""",23,45.5484966173938,-73.5425274839338
1,184,"""Introduction""","""2018-03-30""","""jour""",39,45.6137042487452,-73.6338408946887
1,185,"""M�fait""","""2018-03-30""","""jour""",39,45.6097196842573,-73.6273715726258
1,186,"""Vol dans / sur v�hicule � moteur""","""2018-03-30""","""soir""",39,45.6172022863707,-73.6147950267853
1,187,"""Introduction""","""2018-03-29""","""nuit""",39,45.5957083990394,-73.6332505531256
1,188,"""Introduction""","""2018-03-28""","""jour""",39,45.6194165195902,-73.6202632842355
1,189,"""Introduction""","""2018-03-28""","""jour""",39,45.5965065171191,-73.6317243189822
1,190,"""Vol dans / sur v�hicule � moteur""","""2018-03-28""","""jour""",39,45.6149702596654,-73.6112307301328
1,191,"""Introduction""","""2018-03-27""","""nuit""",39,45.613879319565,-73.6178634254007
1,192,"""Introduction""","""2018-03-27""","""nuit""",39,45.614951182175,-73.6190354714133
1,193,"""Introduction""","""2018-03-27""","""jour""",39,45.6008658778419,-73.6284446072412
1,194,"""Introduction""","""2018-03-27""","""soir""",39,45.5996332083284,-73.6238695021831
1,195,"""M�fait""","""2018-03-27""","""jour""",39,45.5883946131412,-73.631677712793
1,196,"""Vol de v�hicule � moteur""","""2018-03-31""","""jour""",42,45.5912304518118,-73.5713011945389
1,197,"""Vol de v�hicule � moteur""","""2018-03-30""","""jour""",42,45.5863923491875,-73.611117220957
1,198,"""Vol de v�hicule � moteur""","""2018-03-30""","""soir""",42,45.5824787426556,-73.6001319858669
1,199,"""Introduction""","""2018-03-29""","""soir""",42,45.5851970768058,-73.6068166938801
1,200,"""Vol dans / sur v�hicule � moteur""","""2018-03-29""","""jour""",42,45.5863923491875,-73.611117220957
1,201,"""Vol dans / sur v�hicule � moteur""","""2018-03-28""","""soir""",42,45.572122596432,-73.5937555107441
1,202,"""Vol de v�hicule � moteur""","""2018-03-27""","""soir""",42,45.5879262382771,-73.6109285996731
1,232,"""Introduction""","""2018-03-31""","""nuit""",48,45.5776446069157,-73.5331357959463
1,233,"""M�fait""","""2018-03-31""","""jour""",48,45.5776446069157,-73.5331357959463
1,234,"""M�fait""","""2018-03-31""","""soir""",48,45.5726646996521,-73.5362063463489
1,235,"""Introduction""","""2018-03-30""","""jour""",48,45.5929588283049,-73.5131772707605
1,236,"""Introduction""","""2018-03-30""","""jour""",48,45.6014456568203,-73.5170502718273
1,237,"""M�fait""","""2018-03-30""","""nuit""",48,45.5715514351435,-73.5501796121864
1,214,"""Vol dans / sur v�hicule � moteur""","""2018-03-31""","""soir""",45,45.6285872294871,-73.6163077190809
1,215,"""Vol dans / sur v�hicule � moteur""","""2018-03-30""","""soir""",45,45.6173747278209,-73.606364369983
1,216,"""Vol dans / sur v�hicule � moteur""","""2018-03-30""","""jour""",45,45.6606313516307,-73.5659253226841
1,217,"""Vol dans / sur v�hicule � moteur""","""2018-03-30""","""jour""",45,45.6169342164969,-73.5939804124454
1,218,"""Vol de v�hicule � moteur""","""2018-03-30""","""jour""",45,45.6270396754323,-73.5791986790322
1,219,"""M�fait""","""2018-03-29""","""jour""",45,45.6169342164969,-73.5939804124454
1,220,"""M�fait""","""2018-03-29""","""jour""",45,45.6342480889508,-73.5857366523638
1,221,"""M�fait""","""2018-03-29""","""jour""",45,45.6398177989269,-73.5800547103382
1,222,"""Vol dans / sur v�hicule � moteur""","""2018-03-28""","""soir""",45,45.6169342164969,-73.5939804124454
1,223,"""Vol dans / sur v�hicule � moteur""","""2018-03-27""","""jour""",45,45.6345953111101,-73.5760417496969
1,224,"""M�fait""","""2018-03-30""","""jour""",46,45.6058115799984,-73.5764879300095
1,225,"""Vol dans / sur v�hicule � moteur""","""2018-03-30""","""soir""",46,45.5992132647212,-73.5579331413385
1,226,"""Vol dans / sur v�hicule � moteur""","""2018-03-29""","""jour""",46,45.6217444480013,-73.5866466571117
1,227,"""Vol dans / sur v�hicule � moteur""","""2018-03-29""","""soir""",46,45.6059091546152,-73.5641544902676
1,228,"""Vol de v�hicule � moteur""","""2018-03-29""","""jour""",46,45.5987527158561,-73.5532722055369
1,229,"""Vol dans / sur v�hicule � moteur""","""2018-03-27""","""nuit""",46,45.6085254324603,-73.5817211847714
1,230,"""Vol de v�hicule � moteur""","""2018-03-27""","""jour""",46,45.6175073076715,-73.5726726781659
1,231,"""Vol de v�hicule � moteur""","""2018-03-27""","""jour""",46,45.6103400192919,-73.5473092353369
1,238,"""M�fait""","""2018-03-30""","""jour""",48,1.0,1.0
1,239,"""M�fait""","""2018-03-30""","""nuit""",48,45.5895471745482,-73.5171533635212
1,240,"""Vol dans / sur v�hicule � moteur""","""2018-03-30""","""jour""",48,45.6092209338235,-73.5111513085973
1,241,"""Vol de v�hicule � moteur""","""2018-03-30""","""jour""",48,45.6014456568203,-73.5170502718273
1,242,"""M�fait""","""2018-03-29""","""soir""",48,45.5882767746823,-73.5575577256984
1,243,"""Vol de v�hicule � moteur""","""2018-03-28""","""nuit""",48,45.5853070180952,-73.5368860036792
1,244,"""M�fait""","""2018-03-27""","""jour""",48,45.5827675534282,-73.5430334137262
1,245,"""Vol dans / sur v�hicule � moteur""","""2018-03-27""","""soir""",48,45.5898905456755,-73.5390186091298
1,246,"""M�fait""","""2018-03-31""","""jour""",49,45.6620326347702,-73.497413744046
1,247,"""M�fait""","""2018-03-31""","""soir""",49,45.6454200929407,-73.4893524747665
1,248,"""M�fait""","""2018-03-31""","""jour""",49,45.6396578106148,-73.5040875452967
1,249,"""Introduction""","""2018-03-30""","""jour""",49,45.6520946505238,-73.4894384188761
1,250,"""M�fait""","""2018-03-30""","""jour""",49,45.6426096259665,-73.4977499949346
1,251,"""Introduction""","""2018-03-29""","""jour""",49,45.6380095914874,-73.4937627673995
1,252,"""Vol dans / sur v�hicule � moteur""","""2018-03-28""","""jour""",49,45.6354678714311,-73.495210268707
1,253,"""Introduction""","""2018-03-27""","""soir""",49,45.6685430530127,-73.4957897753265
1,254,"""M�fait""","""2018-03-27""","""jour""",49,45.6400032046037,-73.4902325314333
2,599,"""Introduction""","""2018-03-26""","""jour""",48,45.6033745983074,-73.5235798120862
2,600,"""M�fait""","""2018-03-26""","""jour""",48,45.5873585334658,-73.5612458373246
2,601,"""M�fait""","""2018-03-26""","""jour""",48,45.5873585334658,-73.5612458373246
2,602,"""M�fait""","""2018-03-26""","""jour""",48,45.5717196651625,-73.5368655773138
2,603,"""M�fait""","""2018-03-26""","""jour""",48,45.6065052090927,-73.5289578943615
2,604,"""M�fait""","""2018-03-26""","""jour""",48,45.5888397026874,-73.539449999322
2,605,"""M�fait""","""2018-03-26""","""jour""",48,45.5947966972677,-73.5113726917405
2,606,"""M�fait""","""2018-03-26""","""jour""",48,45.5876716863678,-73.5579805660328
2,607,"""Introduction""","""2018-03-22""","""jour""",49,45.6380095914874,-73.4937627673995
2,608,"""M�fait""","""2018-03-22""","""soir""",49,45.6633677310282,-73.505586577138
2,609,"""M�fait""","""2018-03-22""","""soir""",49,45.6454200929407,-73.4893524747665
2,610,"""M�fait""","""2018-03-22""","""soir""",49,45.6505097519778,-73.4963693017676
2,611,"""Vol de v�hicule � moteur""","""2018-03-22""","""nuit""",49,45.6329187858315,-73.4942958838582
2,612,"""Introduction""","""2018-03-23""","""nuit""",49,1.0,1.0
2,613,"""M�fait""","""2018-03-23""","""jour""",49,45.6454200929407,-73.4893524747665
2,614,"""M�fait""","""2018-03-23""","""soir""",49,45.6315900969574,-73.504066566049
2,615,"""Vol de v�hicule � moteur""","""2018-03-23""","""nuit""",49,45.639267587816,-73.5102228205619
2,616,"""Vol dans / sur v�hicule � moteur""","""2018-03-24""","""jour""",49,45.6350960394313,-73.5028680349153
2,617,"""Introduction""","""2018-03-25""","""jour""",49,45.6515560875945,-73.5023094852972
2,618,"""M�fait""","""2018-03-26""","""soir""",49,45.663577808495,-73.506953448999
2,619,"""M�fait""","""2018-03-26""","""jour""",49,45.6469698904726,-73.5126679177925
2,620,"""M�fait""","""2018-03-26""","""soir""",49,45.6664417398308,-73.494383561093
2,621,"""M�fait""","""2018-03-26""","""jour""",49,45.691855379334,-73.4886567259306
2,622,"""Vol de v�hicule � moteur""","""2018-03-26""","""nuit""",49,45.6376141083349,-73.4913734471036
2,623,"""Vol de v�hicule � moteur""","""2018-03-26""","""nuit""",49,45.6297475797565,-73.5009861544241
2,418,"""Vol de v�hicule � moteur""","""2018-03-22""","""nuit""",23,45.5658142634998,-73.5540091090199
2,419,"""Introduction""","""2018-03-23""","""soir""",23,45.5506708652385,-73.5492853250893
2,420,"""Vol de v�hicule � moteur""","""2018-03-23""","""soir""",23,45.5559042187588,-73.5503518562359
2,421,"""Introduction""","""2018-03-24""","""soir""",23,45.5468201845425,-73.5514181965384
2,422,"""Introduction""","""2018-03-24""","""soir""",23,45.5405961470788,-73.5516834527632
2,423,"""M�fait""","""2018-03-24""","""nuit""",23,45.5525127853902,-73.5397939779321
2,424,"""Introduction""","""2018-03-25""","""jour""",23,45.5442862243073,-73.5453271126079
2,425,"""Introduction""","""2018-03-25""","""soir""",23,45.5422161581248,-73.5542670512514
2,426,"""M�fait""","""2018-03-25""","""jour""",23,45.5602707534847,-73.5322646655998
2,427,"""M�fait""","""2018-03-25""","""jour""",23,45.5602707534847,-73.5322646655998
2,428,"""M�fait""","""2018-03-25""","""jour""",23,45.5413369421469,-73.5380930868663
2,429,"""M�fait""","""2018-03-25""","""jour""",23,45.5599152527042,-73.5324988753382
2,430,"""Introduction""","""2018-03-26""","""soir""",23,45.5578137401435,-73.5338746675954
2,431,"""Introduction""","""2018-03-26""","""nuit""",23,45.5424039211923,-73.5441496344803
2,432,"""M�fait""","""2018-03-26""","""jour""",23,45.5479399335961,-73.5430091736739
2,433,"""M�fait""","""2018-03-26""","""jour""",23,45.5515485637578,-73.5380876508096
2,434,"""Vol dans / sur v�hicule � moteur""","""2018-03-26""","""jour""",23,1.0,1.0
2,537,"""Vol dans / sur v�hicule � moteur""","""2018-03-22""","""jour""",42,45.585605512794,-73.6052917045424
2,538,"""Vol dans / sur v�hicule � moteur""","""2018-03-22""","""jour""",42,45.5997139400865,-73.5784204441228
2,539,"""Vols qualifi�s""","""2018-03-22""","""soir""",42,45.5759156243208,-73.5988125908153
2,540,"""Introduction""","""2018-03-23""","""jour""",42,45.5960128075172,-73.6138693567191
2,541,"""Vol dans / sur v�hicule � moteur""","""2018-03-23""","""jour""",42,45.5836183019465,-73.5918591571598
2,542,"""Vol de v�hicule � moteur""","""2018-03-23""","""soir""",42,45.6015939041544,-73.5976105279912
2,543,"""Vol dans / sur v�hicule � moteur""","""2018-03-24""","""jour""",42,45.5753526477076,-73.5842421834589
2,516,"""Introduction""","""2018-03-22""","""jour""",39,45.6037165906043,-73.6334866456867
2,517,"""Introduction""","""2018-03-22""","""soir""",39,45.5867185410152,-73.6361791785137
2,518,"""M�fait""","""2018-03-22""","""nuit""",39,45.6028572882727,-73.6373008660932
2,519,"""Introduction""","""2018-03-23""","""soir""",39,45.6082482733319,-73.6203900814964
2,520,"""Introduction""","""2018-03-23""","""jour""",39,45.6055067986602,-73.6236502228956
2,521,"""M�fait""","""2018-03-23""","""soir""",39,1.0,1.0
2,522,"""Vols qualifi�s""","""2018-03-23""","""soir""",39,45.588228397483,-73.6346260056554
2,523,"""Vols qualifi�s""","""2018-03-23""","""soir""",39,45.588228397483,-73.6346260056554
2,524,"""Vol dans / sur v�hicule � moteur""","""2018-03-24""","""soir""",39,45.5852684753609,-73.6346293362474
2,525,"""Vol de v�hicule � moteur""","""2018-03-24""","""jour""",39,45.5964861702234,-73.6216735326767
2,526,"""Vol de v�hicule � moteur""","""2018-03-24""","""jour""",39,45.5826743980832,-73.6395496063943
2,527,"""Introduction""","""2018-03-25""","""nuit""",39,45.5811082505522,-73.6410891805176
2,528,"""Introduction""","""2018-03-25""","""jour""",39,45.5906260983131,-73.6277967417686
2,529,"""M�fait""","""2018-03-25""","""jour""",39,45.6043132622108,-73.6187363509765
2,530,"""Introduction""","""2018-03-26""","""jour""",39,45.6094639032806,-73.6114691963937
2,531,"""Introduction""","""2018-03-26""","""jour""",39,45.6109492410005,-73.6232132902939
2,532,"""M�fait""","""2018-03-26""","""jour""",39,45.5852684753609,-73.6346293362474
2,533,"""M�fait""","""2018-03-26""","""soir""",39,45.5826743980832,-73.6395496063943
2,534,"""Vol de v�hicule � moteur""","""2018-03-26""","""nuit""",39,45.5973579012995,-73.6421128828207
2,535,"""Vol de v�hicule � moteur""","""2018-03-26""","""jour""",39,45.5920687640598,-73.6406139927158
2,536,"""Vol de v�hicule � moteur""","""2018-03-26""","""soir""",39,1.0,1.0
2,568,"""Introduction""","""2018-03-24""","""jour""",45,45.6597579040915,-73.5702339166926
2,569,"""Vol dans / sur v�hicule � moteur""","""2018-03-24""","""jour""",45,45.6278683803642,-73.5944005647268
2,570,"""Vol de v�hicule � moteur""","""2018-03-25""","""jour""",45,45.6329371358798,-73.5972446390017
2,571,"""Vol de v�hicule � moteur""","""2018-03-26""","""soir""",45,45.6173747278209,-73.606364369983
2,544,"""Vol dans / sur v�hicule � moteur""","""2018-03-25""","""jour""",42,45.5844558497804,-73.5665909342824
2,545,"""Vols qualifi�s""","""2018-03-25""","""soir""",42,45.5889179471007,-73.5776201179986
2,546,"""M�fait""","""2018-03-26""","""soir""",42,45.5759156243208,-73.5988125908153
2,547,"""M�fait""","""2018-03-26""","""jour""",42,45.5916302825783,-73.5731081079946
2,548,"""M�fait""","""2018-03-26""","""jour""",42,45.5853172987968,-73.5705686866343
2,549,"""Vol dans / sur v�hicule � moteur""","""2018-03-26""","""jour""",42,45.5844558497804,-73.5665909342824
2,550,"""Vol dans / sur v�hicule � moteur""","""2018-03-26""","""soir""",42,45.5932743079959,-73.5922855285606
2,551,"""Vol de v�hicule � moteur""","""2018-03-26""","""soir""",42,45.5886139310858,-73.5836373160817
2,552,"""Vol de v�hicule � moteur""","""2018-03-26""","""jour""",42,45.5772828151498,-73.5964376276503
2,572,"""Vol de v�hicule � moteur""","""2018-03-22""","""jour""",46,45.6185938895108,-73.588551531508
2,573,"""Introduction""","""2018-03-23""","""jour""",46,45.6160157321684,-73.5692368058392
2,574,"""Vol de v�hicule � moteur""","""2018-03-23""","""jour""",46,45.6160157321684,-73.5692368058392
2,575,"""Vol dans / sur v�hicule � moteur""","""2018-03-24""","""jour""",46,45.6080109799491,-73.5943814165731
2,576,"""M�fait""","""2018-03-25""","""jour""",46,45.6027421412903,-73.5547860573508
2,577,"""M�fait""","""2018-03-25""","""jour""",46,45.606733057418,-73.5864188315587
2,578,"""M�fait""","""2018-03-26""","""jour""",46,45.6122877475207,-73.5552453936352
2,579,"""M�fait""","""2018-03-26""","""jour""",46,45.6108756094239,-73.5468393068301
2,580,"""M�fait""","""2018-03-26""","""jour""",46,45.6019950825105,-73.5754019330619
2,581,"""Introduction""","""2018-03-22""","""soir""",48,1.0,1.0
2,582,"""Vol dans / sur v�hicule � moteur""","""2018-03-22""","""jour""",48,45.5805284788726,-73.5350826023921
2,583,"""Vol de v�hicule � moteur""","""2018-03-22""","""soir""",48,45.5804405561064,-73.5351421204788
2,584,"""M�fait""","""2018-03-23""","""soir""",48,45.5986377566524,-73.5215108315252
2,585,"""M�fait""","""2018-03-23""","""soir""",48,45.5726646996521,-73.5362063463489
2,586,"""Vol dans / sur v�hicule � moteur""","""2018-03-23""","""soir""",48,45.5724962265942,-73.5436641089654
2,587,"""Vol dans / sur v�hicule � moteur""","""2018-03-23""","""jour""",48,45.5933332026338,-73.5452833324108
2,588,"""Vol de v�hicule � moteur""","""2018-03-23""","""soir""",48,45.5986761726849,-73.5156281683755
2,589,"""Vol de v�hicule � moteur""","""2018-03-23""","""soir""",48,45.6014456568203,-73.5170502718273
2,590,"""Vols qualifi�s""","""2018-03-23""","""soir""",48,45.6021241815491,-73.5219012605533
2,591,"""M�fait""","""2018-03-24""","""jour""",48,45.5986761726849,-73.5156281683755
2,592,"""M�fait""","""2018-03-24""","""jour""",48,45.5827675534282,-73.5430334137262
2,593,"""M�fait""","""2018-03-24""","""jour""",48,45.6033014818527,-73.5284627020324
2,594,"""Introduction""","""2018-03-25""","""nuit""",48,45.609839174487,-73.5177247537299
2,595,"""Introduction""","""2018-03-25""","""jour""",48,45.6014456568203,-73.5170502718273
2,596,"""M�fait""","""2018-03-25""","""nuit""",48,45.595790105758,-73.5232595147659
2,597,"""Vol dans / sur v�hicule � moteur""","""2018-03-25""","""soir""",48,45.6043349471328,-73.5125408657652
2,598,"""Vol de v�hicule � moteur""","""2018-03-25""","""jour""",48,45.6014456568203,-73.5170502718273
3,779,"""Introduction""","""2018-03-25""","""jour""",23,45.5442862243073,-73.5453271126079
3,780,"""Introduction""","""2018-03-25""","""soir""",23,45.5422161581248,-73.5542670512514
3,781,"""M�fait""","""2018-03-25""","""jour""",23,45.5602707534847,-73.5322646655998
3,782,"""M�fait""","""2018-03-25""","""jour""",23,45.5602707534847,-73.5322646655998
3,783,"""M�fait""","""2018-03-25""","""jour""",23,45.5413369421469,-73.5380930868663
3,784,"""M�fait""","""2018-03-25""","""jour""",23,45.5599152527042,-73.5324988753382
3,785,"""Introduction""","""2018-03-24""","""soir""",23,45.5468201845425,-73.5514181965384
3,786,"""Introduction""","""2018-03-24""","""soir""",23,45.5405961470788,-73.5516834527632
3,787,"""M�fait""","""2018-03-24""","""nuit""",23,45.5525127853902,-73.5397939779321
3,788,"""Introduction""","""2018-03-23""","""soir""",23,45.5506708652385,-73.5492853250893
3,789,"""Vol de v�hicule � moteur""","""2018-03-23""","""soir""",23,45.5559042187588,-73.5503518562359
3,790,"""Vol de v�hicule � moteur""","""2018-03-22""","""nuit""",23,45.5658142634998,-73.5540091090199
3,858,"""Introduction""","""2018-03-25""","""nuit""",39,45.5811082505522,-73.6410891805176
3,859,"""Introduction""","""2018-03-25""","""jour""",39,45.5906260983131,-73.6277967417686
3,860,"""M�fait""","""2018-03-25""","""jour""",39,45.6043132622108,-73.6187363509765
3,861,"""Vol dans / sur v�hicule � moteur""","""2018-03-24""","""soir""",39,45.5852684753609,-73.6346293362474
3,862,"""Vol de v�hicule � moteur""","""2018-03-24""","""jour""",39,45.5964861702234,-73.6216735326767
3,863,"""Vol de v�hicule � moteur""","""2018-03-24""","""jour""",39,45.5826743980832,-73.6395496063943
3,864,"""Introduction""","""2018-03-23""","""soir""",39,45.6082482733319,-73.6203900814964
3,865,"""Introduction""","""2018-03-23""","""jour""",39,45.6055067986602,-73.6236502228956
3,866,"""M�fait""","""2018-03-23""","""soir""",39,1.0,1.0
3,867,"""Vols qualifi�s""","""2018-03-23""","""soir""",39,45.588228397483,-73.6346260056554
3,868,"""Vols qualifi�s""","""2018-03-23""","""soir""",39,45.588228397483,-73.6346260056554
3,869,"""Introduction""","""2018-03-22""","""jour""",39,45.6037165906043,-73.6334866456867
3,870,"""Introduction""","""2018-03-22""","""soir""",39,45.5867185410152,-73.6361791785137
3,871,"""M�fait""","""2018-03-22""","""nuit""",39,45.6028572882727,-73.6373008660932
3,872,"""Introduction""","""2018-03-21""","""jour""",39,1.0,1.0
3,873,"""Vol de v�hicule � moteur""","""2018-03-21""","""jour""",39,45.6256785939529,-73.6177058890231
3,874,"""Vol de v�hicule � moteur""","""2018-03-21""","""soir""",39,45.6059976472756,-73.6248644781605
3,875,"""Vol dans / sur v�hicule � moteur""","""2018-03-25""","""jour""",42,45.5844558497804,-73.5665909342824
3,876,"""Vols qualifi�s""","""2018-03-25""","""soir""",42,45.5889179471007,-73.5776201179986
3,877,"""Vol dans / sur v�hicule � moteur""","""2018-03-24""","""jour""",42,45.5753526477076,-73.5842421834589
3,878,"""Introduction""","""2018-03-23""","""jour""",42,45.5960128075172,-73.6138693567191
3,879,"""Vol dans / sur v�hicule � moteur""","""2018-03-23""","""jour""",42,45.5836183019465,-73.5918591571598
3,880,"""Vol de v�hicule � moteur""","""2018-03-23""","""soir""",42,45.6015939041544,-73.5976105279912
3,881,"""Vol dans / sur v�hicule � moteur""","""2018-03-22""","""jour""",42,45.585605512794,-73.6052917045424
3,882,"""Vol dans / sur v�hicule � moteur""","""2018-03-22""","""jour""",42,45.5997139400865,-73.5784204441228
3,883,"""Vols qualifi�s""","""2018-03-22""","""soir""",42,45.5759156243208,-73.5988125908153
3,884,"""Introduction""","""2018-03-21""","""jour""",42,45.5863050908825,-73.580433816052
3,885,"""Vol de v�hicule � moteur""","""2018-03-21""","""nuit""",42,45.5876272571255,-73.6035120816156
3,886,"""Vol de v�hicule � moteur""","""2018-03-21""","""jour""",42,45.5772828151498,-73.5964376276503
3,887,"""Vols qualifi�s""","""2018-03-21""","""nuit""",42,45.5806613494799,-73.5945409807183
3,895,"""Vol de v�hicule � moteur""","""2018-03-25""","""jour""",45,45.6329371358798,-73.5972446390017
3,896,"""Introduction""","""2018-03-24""","""jour""",45,45.6597579040915,-73.5702339166926
3,897,"""Vol dans / sur v�hicule � moteur""","""2018-03-24""","""jour""",45,45.6278683803642,-73.5944005647268
3,898,"""M�fait""","""2018-03-25""","""jour""",46,45.6027421412903,-73.5547860573508
3,899,"""M�fait""","""2018-03-25""","""jour""",46,45.606733057418,-73.5864188315587
3,900,"""Vol dans / sur v�hicule � moteur""","""2018-03-24""","""jour""",46,45.6080109799491,-73.5943814165731
3,901,"""Introduction""","""2018-03-23""","""jour""",46,45.6160157321684,-73.5692368058392
3,902,"""Vol de v�hicule � moteur""","""2018-03-23""","""jour""",46,45.6160157321684,-73.5692368058392
3,903,"""Vol de v�hicule � moteur""","""2018-03-22""","""jour""",46,45.6185938895108,-73.588551531508
3,904,"""Introduction""","""2018-03-25""","""nuit""",48,45.609839174487,-73.5177247537299
3,905,"""Introduction""","""2018-03-25""","""jour""",48,45.6014456568203,-73.5170502718273
3,906,"""M�fait""","""2018-03-25""","""nuit""",48,45.595790105758,-73.5232595147659
3,907,"""Vol dans / sur v�hicule � moteur""","""2018-03-25""","""soir""",48,45.6043349471328,-73.5125408657652
3,908,"""Vol de v�hicule � moteur""","""2018-03-25""","""jour""",48,45.6014456568203,-73.5170502718273
3,909,"""M�fait""","""2018-03-24""","""jour""",48,45.5986761726849,-73.5156281683755
3,910,"""M�fait""","""2018-03-24""","""jour""",48,45.5827675534282,-73.5430334137262
3,911,"""M�fait""","""2018-03-24""","""jour""",48,45.6033014818527,-73.5284627020324
3,912,"""M�fait""","""2018-03-23""","""soir""",48,45.5986377566524,-73.5215108315252
3,913,"""M�fait""","""2018-03-23""","""soir""",48,45.5726646996521,-73.5362063463489
3,914,"""Vol dans / sur v�hicule � moteur""","""2018-03-23""","""soir""",48,45.5724962265942,-73.5436641089654
3,915,"""Vol dans / sur v�hicule � moteur""","""2018-03-23""","""jour""",48,45.5933332026338,-73.5452833324108
3,916,"""Vol de v�hicule � moteur""","""2018-03-23""","""soir""",48,45.5986761726849,-73.5156281683755
3,917,"""Vol de v�hicule � moteur""","""2018-03-23""","""soir""",48,45.6014456568203,-73.5170502718273
3,918,"""Vols qualifi�s""","""2018-03-23""","""soir""",48,45.6021241815491,-73.5219012605533
3,919,"""Introduction""","""2018-03-22""","""soir""",48,1.0,1.0
3,920,"""Vol dans / sur v�hicule � moteur""","""2018-03-22""","""jour""",48,45.5805284788726,-73.5350826023921
3,921,"""Vol de v�hicule � moteur""","""2018-03-22""","""soir""",48,45.5804405561064,-73.5351421204788
3,922,"""Introduction""","""2018-03-21""","""soir""",48,45.5971521268496,-73.5345489928065
3,923,"""Introduction""","""2018-03-21""","""nuit""",48,45.5824135034543,-73.538608963144
3,924,"""Vol dans / sur v�hicule � moteur""","""2018-03-21""","""soir""",48,45.6021241815491,-73.5219012605533
3,925,"""Introduction""","""2018-03-25""","""jour""",49,45.6515560875945,-73.5023094852972
3,926,"""Vol dans / sur v�hicule � moteur""","""2018-03-24""","""jour""",49,45.6350960394313,-73.5028680349153
3,927,"""Introduction""","""2018-03-23""","""nuit""",49,1.0,1.0
3,928,"""M�fait""","""2018-03-23""","""jour""",49,45.6454200929407,-73.4893524747665
3,929,"""M�fait""","""2018-03-23""","""soir""",49,45.6315900969574,-73.504066566049
3,930,"""Vol de v�hicule � moteur""","""2018-03-23""","""nuit""",49,45.639267587816,-73.5102228205619
3,931,"""Introduction""","""2018-03-22""","""jour""",49,45.6380095914874,-73.4937627673995
3,932,"""M�fait""","""2018-03-22""","""soir""",49,45.6633677310282,-73.505586577138
3,933,"""M�fait""","""2018-03-22""","""soir""",49,45.6454200929407,-73.4893524747665
3,934,"""M�fait""","""2018-03-22""","""soir""",49,45.6505097519778,-73.4963693017676
3,935,"""Vol de v�hicule � moteur""","""2018-03-22""","""nuit""",49,45.6329187858315,-73.4942958838582
3,936,"""Vol de v�hicule � moteur""","""2018-03-21""","""soir""",49,45.6419333338949,-73.5020147483055
4,145,"""M�fait""","""2018-03-29""","""jour""",31,45.547509901115,-73.6024442826138
4,146,"""M�fait""","""2018-03-29""","""nuit""",31,45.535735852173,-73.6204374823157
4,40,"""Introduction""","""2018-03-31""","""jour""",10,45.5389446489169,-73.6979309521001
4,41,"""Vol dans / sur v�hicule � moteur""","""2018-03-29""","""soir""",10,45.5317289776583,-73.6512725600283
4,42,"""Vol dans / sur v�hicule � moteur""","""2018-03-27""","""jour""",10,45.5343629297643,-73.6607285278716
4,43,"""Vols qualifi�s""","""2018-03-27""","""nuit""",10,45.5382920235275,-73.6988637401181
4,44,"""Vols qualifi�s""","""2018-03-27""","""soir""",10,45.533348360504,-73.7176769427268
4,104,"""Introduction""","""2018-03-29""","""nuit""",24,45.5200602516174,-73.6113719740457
4,105,"""Vol dans / sur v�hicule � moteur""","""2018-03-29""","""jour""",24,1.0,1.0
4,106,"""Vol dans / sur v�hicule � moteur""","""2018-03-28""","""jour""",24,45.5226096454499,-73.6130547403237
4,120,"""Introduction""","""2018-03-31""","""nuit""",27,45.5669735920352,-73.6504612873729
4,121,"""Vol dans / sur v�hicule � moteur""","""2018-03-31""","""jour""",27,45.5481158042056,-73.6416588534345
4,122,"""Vol de v�hicule � moteur""","""2018-03-31""","""jour""",27,45.5705854468285,-73.6516465878862
4,123,"""Vol de v�hicule � moteur""","""2018-03-31""","""jour""",27,45.5480017135734,-73.6389779473871
4,124,"""Vol dans / sur v�hicule � moteur""","""2018-03-29""","""jour""",27,45.5748677270045,-73.6520210118249
4,125,"""Vol dans / sur v�hicule � moteur""","""2018-03-29""","""soir""",27,45.5730749117244,-73.6416307487285
4,126,"""M�fait""","""2018-03-28""","""soir""",27,45.5609952562458,-73.6651532521257
4,127,"""Vol dans / sur v�hicule � moteur""","""2018-03-28""","""jour""",27,45.5512433711736,-73.6397970090325
4,128,"""Vol de v�hicule � moteur""","""2018-03-28""","""nuit""",27,45.5715535807688,-73.6401519701413
4,129,"""M�fait""","""2018-03-27""","""jour""",27,45.5503066806674,-73.6708169826646
4,130,"""Vol de v�hicule � moteur""","""2018-03-27""","""nuit""",27,45.5561358823097,-73.656708191681
4,153,"""M�fait""","""2018-03-31""","""nuit""",33,45.5288520041039,-73.6334912554715
4,154,"""Vol de v�hicule � moteur""","""2018-03-29""","""jour""",33,45.5296481743243,-73.6248967141607
4,203,"""Vol dans / sur v�hicule � moteur""","""2018-03-31""","""jour""",44,45.5715008065943,-73.5778800002619
4,204,"""M�fait""","""2018-03-30""","""soir""",44,45.5547351493424,-73.5642296220381
4,205,"""M�fait""","""2018-03-29""","""jour""",44,45.5489733443648,-73.5915674565396
4,206,"""Vol dans / sur v�hicule � moteur""","""2018-03-29""","""jour""",44,45.5549079956758,-73.5912032064041
4,207,"""Vol dans / sur v�hicule � moteur""","""2018-03-29""","""jour""",44,45.545615754786,-73.5800876412149
4,208,"""Vol de v�hicule � moteur""","""2018-03-29""","""nuit""",44,45.5609271480878,-73.5859600374287
4,209,"""Vol de v�hicule � moteur""","""2018-03-29""","""jour""",44,45.5559549908292,-73.5636051982461
4,210,"""Introduction""","""2018-03-28""","""nuit""",44,45.54738556943,-73.5881775297542
4,211,"""Vols qualifi�s""","""2018-03-28""","""soir""",44,45.5532910486132,-73.5803421493543
4,147,"""Introduction""","""2018-03-28""","""jour""",31,45.5436596247395,-73.6358063881097
4,148,"""Introduction""","""2018-03-28""","""nuit""",31,45.5463481101997,-73.6035460564931
4,149,"""Introduction""","""2018-03-28""","""jour""",31,45.5459754124608,-73.6291847465566
4,150,"""M�fait""","""2018-03-28""","""nuit""",31,45.535735852173,-73.6204374823157
4,151,"""Vol dans / sur v�hicule � moteur""","""2018-03-28""","""jour""",31,45.5435059391976,-73.6400416033223
4,152,"""Introduction""","""2018-03-27""","""jour""",31,45.542274378389,-73.6185691177004
4,155,"""M�fait""","""2018-03-31""","""jour""",35,45.539251347643,-73.6099890897087
4,156,"""M�fait""","""2018-03-31""","""jour""",35,45.5335047092301,-73.6157137479969
4,157,"""Vol de v�hicule � moteur""","""2018-03-30""","""soir""",35,45.5401133064132,-73.5849348297717
4,158,"""Introduction""","""2018-03-29""","""soir""",35,45.5314143902812,-73.602919546732
4,159,"""M�fait""","""2018-03-29""","""soir""",35,45.5419614633873,-73.5977633022666
4,160,"""M�fait""","""2018-03-29""","""soir""",35,45.5424351091911,-73.589784639405
4,161,"""M�fait""","""2018-03-29""","""jour""",35,45.541810921404,-73.5903300626858
4,162,"""M�fait""","""2018-03-29""","""jour""",35,45.5406786724429,-73.591305995139
4,163,"""M�fait""","""2018-03-29""","""jour""",35,45.5424828363293,-73.5881326908681
4,164,"""M�fait""","""2018-03-28""","""soir""",35,45.5386075264032,-73.6057059826373
4,165,"""Introduction""","""2018-03-27""","""jour""",35,45.539733928662,-73.5878582388589
4,166,"""Introduction""","""2018-03-31""","""jour""",38,45.5252466100495,-73.5817765138493
4,167,"""Introduction""","""2018-03-31""","""soir""",38,45.5223564699761,-73.5776747228112
4,168,"""Introduction""","""2018-03-31""","""nuit""",38,45.5163253085914,-73.5751026849473
4,169,"""Introduction""","""2018-03-30""","""jour""",38,45.5229102794527,-73.5893858411936
4,170,"""Introduction""","""2018-03-30""","""nuit""",38,45.5284917611746,-73.5891752748309
4,171,"""Vol dans / sur v�hicule � moteur""","""2018-03-30""","""soir""",38,45.518016384315,-73.5817032306943
4,172,"""Vol dans / sur v�hicule � moteur""","""2018-03-30""","""soir""",38,45.5224046006887,-73.5914157434076
4,173,"""Vols qualifi�s""","""2018-03-30""","""nuit""",38,45.5139102242156,-73.5726124697495
4,174,"""Introduction""","""2018-03-29""","""soir""",38,45.5214467287731,-73.5706230232969
4,175,"""M�fait""","""2018-03-29""","""jour""",38,45.5224237718068,-73.5842595969339
4,176,"""M�fait""","""2018-03-29""","""jour""",38,45.5300016446982,-73.5779457795394
4,177,"""M�fait""","""2018-03-29""","""jour""",38,45.5168809812708,-73.5706260154914
4,178,"""Vol dans / sur v�hicule � moteur""","""2018-03-29""","""soir""",38,45.5211762326634,-73.5999004154999
4,179,"""Introduction""","""2018-03-28""","""jour""",38,45.5207409388259,-73.5758720107522
4,180,"""Vol dans / sur v�hicule � moteur""","""2018-03-28""","""soir""",38,45.5055503826639,-73.5729572766557
4,181,"""M�fait""","""2018-03-27""","""jour""",38,45.5264531899901,-73.5806709140782
4,182,"""M�fait""","""2018-03-27""","""jour""",38,45.5151412092568,-73.5682751300206
4,183,"""Vol dans / sur v�hicule � moteur""","""2018-03-27""","""soir""",38,45.5258130498679,-73.5989011657819
4,212,"""M�fait""","""2018-03-27""","""jour""",44,45.5466968597724,-73.5837193070071
4,213,"""Vol dans / sur v�hicule � moteur""","""2018-03-27""","""nuit""",44,45.5563825335523,-73.5544167642413
4,135,"""M�fait""","""2018-03-29""","""jour""",30,45.5684001517728,-73.5974223806324
4,136,"""M�fait""","""2018-03-29""","""jour""",30,45.5684001517728,-73.5974223806324
4,137,"""Vols qualifi�s""","""2018-03-29""","""soir""",30,45.5683751338379,-73.641658472964
4,138,"""Introduction""","""2018-03-28""","""jour""",30,45.5811352129238,-73.6221964037914
4,139,"""Introduction""","""2018-03-28""","""jour""",30,45.5755487795838,-73.63561254541
4,140,"""Introduction""","""2018-03-28""","""soir""",30,45.5681655143167,-73.6305910420838
4,141,"""M�fait""","""2018-03-27""","""jour""",30,45.5761590787999,-73.6097020049327
4,142,"""M�fait""","""2018-03-29""","""jour""",31,45.5415992790782,-73.6151708497888
4,143,"""M�fait""","""2018-03-29""","""nuit""",31,45.5409944495658,-73.6157268955841
4,144,"""M�fait""","""2018-03-29""","""jour""",31,45.547509901115,-73.6024442826138
4,131,"""Vol dans / sur v�hicule � moteur""","""2018-03-31""","""jour""",30,45.5556850914113,-73.6195091156564
4,132,"""Introduction""","""2018-03-30""","""jour""",30,45.567740131953,-73.6060236773903
4,133,"""Introduction""","""2018-03-29""","""jour""",30,45.558487625659,-73.607376391192
4,134,"""Introduction""","""2018-03-29""","""soir""",30,45.5671615372058,-73.6125717283004
5,325,"""M�fait""","""2018-03-22""","""jour""",10,45.5460810771858,-73.6975659533534
5,326,"""Vol de v�hicule � moteur""","""2018-03-22""","""nuit""",10,45.5374597871227,-73.6770215246964
5,479,"""Introduction""","""2018-03-22""","""jour""",31,45.5549243460838,-73.6105531266798
5,480,"""M�fait""","""2018-03-22""","""jour""",31,45.5347392768581,-73.6182457230974
5,481,"""Vol dans / sur v�hicule � moteur""","""2018-03-23""","""nuit""",31,45.5469586179607,-73.6104761677533
5,482,"""Vol dans / sur v�hicule � moteur""","""2018-03-23""","""jour""",31,45.5432257522938,-73.6161306006104
5,483,"""Introduction""","""2018-03-24""","""jour""",31,45.5481088526582,-73.6019182054264
5,484,"""Introduction""","""2018-03-24""","""jour""",31,45.5508823835293,-73.5995469832002
5,327,"""Introduction""","""2018-03-23""","""soir""",10,45.5266438167275,-73.7086138587148
5,328,"""Introduction""","""2018-03-24""","""soir""",10,45.5264099662868,-73.7221025111886
5,329,"""Vol dans / sur v�hicule � moteur""","""2018-03-24""","""jour""",10,45.5333858617456,-73.6529465058488
5,330,"""Introduction""","""2018-03-26""","""soir""",10,45.5299301776852,-73.7045561852585
5,331,"""Vol de v�hicule � moteur""","""2018-03-26""","""soir""",10,45.5309186805616,-73.7087870603015
5,332,"""Vols qualifi�s""","""2018-03-26""","""soir""",10,45.5338191842519,-73.7169051184208
5,435,"""Vol de v�hicule � moteur""","""2018-03-22""","""nuit""",24,45.5130100807787,-73.6547737024326
5,436,"""Vol de v�hicule � moteur""","""2018-03-22""","""soir""",24,1.0,1.0
5,437,"""Introduction""","""2018-03-23""","""soir""",24,1.0,1.0
5,438,"""Introduction""","""2018-03-24""","""soir""",24,45.5185158847763,-73.6372286479883
5,439,"""Vol dans / sur v�hicule � moteur""","""2018-03-25""","""soir""",24,45.5209042429966,-73.6132621248919
5,440,"""Vol dans / sur v�hicule � moteur""","""2018-03-26""","""soir""",24,45.5161179852514,-73.6076851422868
5,453,"""Introduction""","""2018-03-22""","""jour""",27,45.5720045463333,-73.6574328377394
5,454,"""M�fait""","""2018-03-22""","""jour""",27,45.5713154786833,-73.6470995189936
5,455,"""Vol dans / sur v�hicule � moteur""","""2018-03-22""","""jour""",27,45.5532212176549,-73.6495182958912
5,456,"""Introduction""","""2018-03-23""","""jour""",27,45.5523442801633,-73.6739101914563
5,457,"""M�fait""","""2018-03-23""","""jour""",27,45.5715535807688,-73.6401519701413
5,458,"""M�fait""","""2018-03-23""","""jour""",27,45.558451913074,-73.6327821608615
5,459,"""Introduction""","""2018-03-24""","""soir""",27,45.5554259005795,-73.6373891973335
5,460,"""Introduction""","""2018-03-25""","""jour""",27,45.5460889315987,-73.6604224843987
5,461,"""M�fait""","""2018-03-25""","""jour""",27,45.5503066806674,-73.6708169826646
5,462,"""Introduction""","""2018-03-26""","""nuit""",27,45.5375272899026,-73.6552574624983
5,463,"""M�fait""","""2018-03-26""","""soir""",27,45.5494017947503,-73.6713651888832
5,464,"""M�fait""","""2018-03-26""","""jour""",27,45.5534065901365,-73.661917283378
5,465,"""Vol de v�hicule � moteur""","""2018-03-26""","""nuit""",27,45.5724058539775,-73.6422219947546
5,466,"""Vol dans / sur v�hicule � moteur""","""2018-03-22""","""jour""",30,45.5611869149408,-73.6038201541119
5,467,"""Vol de v�hicule � moteur""","""2018-03-22""","""soir""",30,45.574012305406,-73.6335523637694
5,468,"""Vol dans / sur v�hicule � moteur""","""2018-03-23""","""nuit""",30,45.5654500797235,-73.592359431203
5,469,"""Vol de v�hicule � moteur""","""2018-03-23""","""jour""",30,45.582009838466,-73.6241990770258
5,470,"""Introduction""","""2018-03-24""","""nuit""",30,45.5814336553317,-73.6228606977573
5,471,"""M�fait""","""2018-03-24""","""jour""",30,45.5814336553317,-73.6228606977573
5,472,"""Vol dans / sur v�hicule � moteur""","""2018-03-24""","""soir""",30,45.5644905177397,-73.596642573284
5,473,"""Introduction""","""2018-03-25""","""jour""",30,45.581990137451,-73.6261990445441
5,474,"""M�fait""","""2018-03-25""","""soir""",30,45.5676192426368,-73.5939394181199
5,475,"""Vol dans / sur v�hicule � moteur""","""2018-03-25""","""soir""",30,45.5692763405707,-73.597702508835
5,476,"""Vol de v�hicule � moteur""","""2018-03-25""","""jour""",30,45.5584904095701,-73.5957215957557
5,477,"""Introduction""","""2018-03-26""","""jour""",30,45.556469024656,-73.6027713376956
5,478,"""Vol dans / sur v�hicule � moteur""","""2018-03-26""","""jour""",30,45.5693024495623,-73.6010992657256
5,488,"""M�fait""","""2018-03-24""","""jour""",33,45.530986971611,-73.6268168459824
5,489,"""Vol dans / sur v�hicule � moteur""","""2018-03-24""","""jour""",33,45.5286676153123,-73.6372821368177
5,490,"""Vol de v�hicule � moteur""","""2018-03-22""","""jour""",35,45.5499058562515,-73.5955840227338
5,491,"""Introduction""","""2018-03-23""","""soir""",35,45.5458950682346,-73.5989900588312
5,492,"""Vol dans / sur v�hicule � moteur""","""2018-03-24""","""jour""",35,45.5361264000433,-73.6030713681144
5,493,"""Introduction""","""2018-03-25""","""soir""",35,45.5319379377685,-73.6122690474386
5,494,"""Introduction""","""2018-03-25""","""nuit""",35,45.54296547012,-73.6017355106772
5,495,"""Introduction""","""2018-03-26""","""nuit""",35,45.533341884537,-73.6133342435403
5,496,"""Introduction""","""2018-03-26""","""nuit""",35,45.5443088899392,-73.5955565578499
5,497,"""M�fait""","""2018-03-26""","""jour""",35,45.5416853763485,-73.6126523860791
5,498,"""Vol dans / sur v�hicule � moteur""","""2018-03-26""","""jour""",35,45.5430560781947,-73.6065194858995
5,485,"""M�fait""","""2018-03-25""","""jour""",31,45.5532295263067,-73.6190145835717
5,486,"""M�fait""","""2018-03-26""","""jour""",31,45.5428895384261,-73.6404988972863
5,487,"""M�fait""","""2018-03-26""","""soir""",31,45.5526191990885,-73.6195708447118
5,499,"""Introduction""","""2018-03-23""","""jour""",38,45.518016384315,-73.5817032306943
5,500,"""Introduction""","""2018-03-23""","""soir""",38,45.5212089782162,-73.5924838666852
5,501,"""Introduction""","""2018-03-24""","""jour""",38,45.5205762143154,-73.5844745250904
5,502,"""M�fait""","""2018-03-24""","""nuit""",38,45.5284917611746,-73.5891752748309
5,503,"""Vol dans / sur v�hicule � moteur""","""2018-03-24""","""soir""",38,45.5133385750919,-73.5730046477873
5,504,"""Introduction""","""2018-03-25""","""soir""",38,45.5223090783303,-73.5811142522048
5,505,"""M�fait""","""2018-03-25""","""jour""",38,45.5157631305366,-73.580483985145
5,506,"""M�fait""","""2018-03-25""","""nuit""",38,1.0,1.0
5,507,"""Introduction""","""2018-03-26""","""jour""",38,45.5201287033824,-73.584878246438
5,508,"""Introduction""","""2018-03-26""","""jour""",38,45.5228949780258,-73.5805733152089
5,509,"""Introduction""","""2018-03-26""","""jour""",38,45.5111119086122,-73.5700431795609
5,510,"""Introduction""","""2018-03-26""","""jour""",38,45.5111119086122,-73.5700431795609
5,511,"""Introduction""","""2018-03-26""","""soir""",38,45.5192207665804,-73.5772812301309
5,512,"""M�fait""","""2018-03-26""","""nuit""",38,45.5192463457546,-73.5725951152006
5,513,"""M�fait""","""2018-03-26""","""jour""",38,45.5169651944531,-73.5793875092085
5,514,"""Vol dans / sur v�hicule � moteur""","""2018-03-26""","""jour""",38,45.5397295242329,-73.5815788371276
5,515,"""Vol dans / sur v�hicule � moteur""","""2018-03-26""","""soir""",38,45.5157631305366,-73.580483985145
5,553,"""Vol de v�hicule � moteur""","""2018-03-22""","""jour""",44,45.5780874845718,-73.5711478118183
5,554,"""Vol dans / sur v�hicule � moteur""","""2018-03-23""","""jour""",44,45.5793672998664,-73.5749282928432
5,555,"""Vol dans / sur v�hicule � moteur""","""2018-03-23""","""nuit""",44,45.5761577165387,-73.5727179201093
5,556,"""Introduction""","""2018-03-24""","""nuit""",44,45.5459541477422,-73.5560263894875
5,557,"""M�fait""","""2018-03-24""","""jour""",44,45.5415234775257,-73.5652654167197
5,558,"""Vol de v�hicule � moteur""","""2018-03-24""","""soir""",44,45.5625350370873,-73.5723171181388
5,559,"""Introduction""","""2018-03-26""","""soir""",44,45.5542456842308,-73.5966814574403
5,560,"""Introduction""","""2018-03-26""","""jour""",44,45.5561526513657,-73.5736369141242
5,561,"""Introduction""","""2018-03-26""","""soir""",44,45.5630375982176,-73.5841253168782
5,562,"""M�fait""","""2018-03-26""","""jour""",44,45.5541262509548,-73.5600576236889
5,563,"""M�fait""","""2018-03-26""","""jour""",44,45.5501406088066,-73.5679468249325
5,564,"""M�fait""","""2018-03-26""","""jour""",44,45.5711392862458,-73.5722721197614
5,565,"""M�fait""","""2018-03-26""","""jour""",44,45.5817076837548,-73.5733397403313
5,566,"""M�fait""","""2018-03-26""","""jour""",44,45.5642183382066,-73.5879647527112
5,567,"""Vol dans / sur v�hicule � moteur""","""2018-03-26""","""jour""",44,45.5601056161844,-73.5744809335563
6,699,"""Introduction""","""2018-03-24""","""soir""",10,45.5264099662868,-73.7221025111886
6,700,"""Vol dans / sur v�hicule � moteur""","""2018-03-24""","""jour""",10,45.5333858617456,-73.6529465058488
6,701,"""Introduction""","""2018-03-23""","""soir""",10,45.5266438167275,-73.7086138587148
6,702,"""M�fait""","""2018-03-22""","""jour""",10,45.5460810771858,-73.6975659533534
6,703,"""Vol de v�hicule � moteur""","""2018-03-22""","""nuit""",10,45.5374597871227,-73.6770215246964
6,704,"""Vol de v�hicule � moteur""","""2018-03-21""","""jour""",10,45.5318007308387,-73.7211424111799
6,791,"""Vol dans / sur v�hicule � moteur""","""2018-03-25""","""soir""",24,45.5209042429966,-73.6132621248919
6,792,"""Introduction""","""2018-03-24""","""soir""",24,45.5185158847763,-73.6372286479883
6,793,"""Introduction""","""2018-03-23""","""soir""",24,1.0,1.0
6,794,"""Vol de v�hicule � moteur""","""2018-03-22""","""nuit""",24,45.5130100807787,-73.6547737024326
6,795,"""Vol de v�hicule � moteur""","""2018-03-22""","""soir""",24,1.0,1.0
6,838,"""M�fait""","""2018-03-24""","""jour""",33,45.530986971611,-73.6268168459824
6,839,"""Vol dans / sur v�hicule � moteur""","""2018-03-24""","""jour""",33,45.5286676153123,-73.6372821368177
6,840,"""Introduction""","""2018-03-25""","""soir""",35,45.5319379377685,-73.6122690474386
6,841,"""Introduction""","""2018-03-25""","""nuit""",35,45.54296547012,-73.6017355106772
6,842,"""Vol dans / sur v�hicule � moteur""","""2018-03-24""","""jour""",35,45.5361264000433,-73.6030713681144
6,843,"""Introduction""","""2018-03-23""","""soir""",35,45.5458950682346,-73.5989900588312
6,844,"""Vol de v�hicule � moteur""","""2018-03-22""","""jour""",35,45.5499058562515,-73.5955840227338
6,804,"""Introduction""","""2018-03-25""","""jour""",27,45.5460889315987,-73.6604224843987
6,805,"""M�fait""","""2018-03-25""","""jour""",27,45.5503066806674,-73.6708169826646
6,806,"""Introduction""","""2018-03-24""","""soir""",27,45.5554259005795,-73.6373891973335
6,807,"""Introduction""","""2018-03-23""","""jour""",27,45.5523442801633,-73.6739101914563
6,808,"""M�fait""","""2018-03-23""","""jour""",27,45.5715535807688,-73.6401519701413
6,809,"""M�fait""","""2018-03-23""","""jour""",27,45.558451913074,-73.6327821608615
6,810,"""Introduction""","""2018-03-22""","""jour""",27,45.5720045463333,-73.6574328377394
6,811,"""M�fait""","""2018-03-22""","""jour""",27,45.5713154786833,-73.6470995189936
6,812,"""Vol dans / sur v�hicule � moteur""","""2018-03-22""","""jour""",27,45.5532212176549,-73.6495182958912
6,813,"""Introduction""","""2018-03-21""","""soir""",27,45.5782329947817,-73.6452030968805
6,814,"""Vol de v�hicule � moteur""","""2018-03-21""","""jour""",27,45.5512433711736,-73.6397970090325
6,815,"""Introduction""","""2018-03-25""","""jour""",30,45.581990137451,-73.6261990445441
6,816,"""M�fait""","""2018-03-25""","""soir""",30,45.5676192426368,-73.5939394181199
6,817,"""Vol dans / sur v�hicule � moteur""","""2018-03-25""","""soir""",30,45.5692763405707,-73.597702508835
6,818,"""Vol de v�hicule � moteur""","""2018-03-25""","""jour""",30,45.5584904095701,-73.5957215957557
6,819,"""Introduction""","""2018-03-24""","""nuit""",30,45.5814336553317,-73.6228606977573
6,820,"""M�fait""","""2018-03-24""","""jour""",30,45.5814336553317,-73.6228606977573
6,821,"""Vol dans / sur v�hicule � moteur""","""2018-03-24""","""soir""",30,45.5644905177397,-73.596642573284
6,822,"""Vol dans / sur v�hicule � moteur""","""2018-03-23""","""nuit""",30,45.5654500797235,-73.592359431203
6,823,"""Vol de v�hicule � moteur""","""2018-03-23""","""jour""",30,45.582009838466,-73.6241990770258
6,824,"""Vol dans / sur v�hicule � moteur""","""2018-03-22""","""jour""",30,45.5611869149408,-73.6038201541119
6,825,"""Vol de v�hicule � moteur""","""2018-03-22""","""soir""",30,45.574012305406,-73.6335523637694
6,826,"""M�fait""","""2018-03-21""","""soir""",30,45.5710647685554,-73.6280048313913
6,827,"""M�fait""","""2018-03-21""","""soir""",30,45.5751891735962,-73.628487318947
6,828,"""Vol dans / sur v�hicule � moteur""","""2018-03-21""","""jour""",30,45.5552299794745,-73.5978628239426
6,829,"""Vol de v�hicule � moteur""","""2018-03-21""","""nuit""",30,45.5600763812602,-73.5915885897533
6,830,"""M�fait""","""2018-03-25""","""jour""",31,45.5532295263067,-73.6190145835717
6,831,"""Introduction""","""2018-03-24""","""jour""",31,45.5481088526582,-73.6019182054264
6,832,"""Introduction""","""2018-03-24""","""jour""",31,45.5508823835293,-73.5995469832002
6,833,"""Vol dans / sur v�hicule � moteur""","""2018-03-23""","""nuit""",31,45.5469586179607,-73.6104761677533
6,834,"""Vol dans / sur v�hicule � moteur""","""2018-03-23""","""jour""",31,45.5432257522938,-73.6161306006104
6,835,"""Introduction""","""2018-03-22""","""jour""",31,45.5549243460838,-73.6105531266798
6,836,"""M�fait""","""2018-03-22""","""jour""",31,45.5347392768581,-73.6182457230974
6,837,"""M�fait""","""2018-03-21""","""jour""",31,45.5425875282429,-73.6291923154671
6,888,"""Introduction""","""2018-03-24""","""nuit""",44,45.5459541477422,-73.5560263894875
6,889,"""M�fait""","""2018-03-24""","""jour""",44,45.5415234775257,-73.5652654167197
6,890,"""Vol de v�hicule � moteur""","""2018-03-24""","""soir""",44,45.5625350370873,-73.5723171181388
6,891,"""Vol dans / sur v�hicule � moteur""","""2018-03-23""","""jour""",44,45.5793672998664,-73.5749282928432
6,892,"""Vol dans / sur v�hicule � moteur""","""2018-03-23""","""nuit""",44,45.5761577165387,-73.5727179201093
6,893,"""Vol de v�hicule � moteur""","""2018-03-22""","""jour""",44,45.5780874845718,-73.5711478118183
6,845,"""M�fait""","""2018-03-21""","""soir""",35,45.5341309011185,-73.5956866247993
6,846,"""Vol dans / sur v�hicule � moteur""","""2018-03-21""","""nuit""",35,45.5411657594633,-73.5960615206512
6,847,"""Vol de v�hicule � moteur""","""2018-03-21""","""jour""",35,45.5384733516099,-73.5964304714051
6,848,"""Introduction""","""2018-03-25""","""soir""",38,45.5223090783303,-73.5811142522048
6,849,"""M�fait""","""2018-03-25""","""jour""",38,45.5157631305366,-73.580483985145
6,850,"""M�fait""","""2018-03-25""","""nuit""",38,1.0,1.0
6,851,"""Introduction""","""2018-03-24""","""jour""",38,45.5205762143154,-73.5844745250904
6,852,"""M�fait""","""2018-03-24""","""nuit""",38,45.5284917611746,-73.5891752748309
6,853,"""Vol dans / sur v�hicule � moteur""","""2018-03-24""","""soir""",38,45.5133385750919,-73.5730046477873
6,854,"""Introduction""","""2018-03-23""","""jour""",38,45.518016384315,-73.5817032306943
6,855,"""Introduction""","""2018-03-23""","""soir""",38,45.5212089782162,-73.5924838666852
6,856,"""Vol dans / sur v�hicule � moteur""","""2018-03-21""","""soir""",38,45.5356946737396,-73.5805728344496
6,857,"""Vol de v�hicule � moteur""","""2018-03-21""","""jour""",38,45.5363834987337,-73.5799336254562
6,894,"""M�fait""","""2018-03-21""","""soir""",44,45.5449360009614,-73.572897407493
7,5,"""M�fait""","""2018-03-30""","""jour""",3,45.5004230277924,-73.8434682584605
7,6,"""Vol dans / sur v�hicule � moteur""","""2018-03-30""","""jour""",3,45.5097405125479,-73.8226875853567
7,7,"""Vol de v�hicule � moteur""","""2018-03-28""","""nuit""",3,45.4593894824953,-73.881748240935
7,8,"""Vol dans / sur v�hicule � moteur""","""2018-03-27""","""soir""",3,45.5040817393347,-73.781789863246
7,9,"""Introduction""","""2018-03-31""","""jour""",4,45.48887933882,-73.7838216124775
7,10,"""M�fait""","""2018-03-30""","""jour""",4,45.4852014018311,-73.8036039880152
7,11,"""Introduction""","""2018-03-29""","""jour""",4,45.498851160727,-73.8222477295171
7,19,"""Introduction""","""2018-03-29""","""soir""",7,45.5114922779152,-73.6784832122982
7,20,"""Introduction""","""2018-03-29""","""jour""",7,45.5241962608481,-73.7184727204438
7,21,"""M�fait""","""2018-03-29""","""jour""",7,45.5114922779152,-73.6784832122982
7,22,"""M�fait""","""2018-03-29""","""jour""",7,45.5243955909579,-73.6719706309259
7,23,"""Vol dans / sur v�hicule � moteur""","""2018-03-29""","""soir""",7,45.5226579647258,-73.6593236443824
7,24,"""Vol de v�hicule � moteur""","""2018-03-29""","""jour""",7,45.5283965303705,-73.6678436331276
7,25,"""M�fait""","""2018-03-28""","""soir""",7,45.525777541104,-73.6792040689271
7,26,"""Vol dans / sur v�hicule � moteur""","""2018-03-28""","""jour""",7,45.48715388056,-73.7171298080997
7,27,"""Vol dans / sur v�hicule � moteur""","""2018-03-28""","""jour""",7,45.498819333768,-73.7379845188064
7,28,"""Vol dans / sur v�hicule � moteur""","""2018-03-28""","""jour""",7,1.0,1.0
7,29,"""Vol de v�hicule � moteur""","""2018-03-28""","""soir""",7,45.4972460801594,-73.7042507326908
7,30,"""Vol de v�hicule � moteur""","""2018-03-27""","""soir""",7,45.5198474372909,-73.6795832482553
7,31,"""Introduction""","""2018-03-30""","""soir""",8,45.4347469605898,-73.6863853266586
7,32,"""Introduction""","""2018-03-30""","""soir""",8,45.44197588508,-73.6759180882757
7,33,"""M�fait""","""2018-03-29""","""jour""",8,45.4446282925148,-73.6465887169856
7,34,"""Vol dans / sur v�hicule � moteur""","""2018-03-29""","""soir""",8,45.4483354062285,-73.6490760972355
7,35,"""Vol dans / sur v�hicule � moteur""","""2018-03-29""","""jour""",8,45.4400938227236,-73.6738742651791
7,36,"""M�fait""","""2018-03-28""","""jour""",8,45.442645773467,-73.6875454194309
7,37,"""Introduction""","""2018-03-29""","""jour""",9,45.4672562147026,-73.6675910979032
7,38,"""M�fait""","""2018-03-29""","""soir""",9,45.4782543663982,-73.6594350390405
7,39,"""Introduction""","""2018-03-28""","""jour""",9,45.4890232755901,-73.6511475717208
7,45,"""Vol de v�hicule � moteur""","""2018-03-30""","""soir""",11,45.4737179258194,-73.6329604217606
7,46,"""M�fait""","""2018-03-29""","""jour""",11,45.4753213353015,-73.6315240197586
7,47,"""M�fait""","""2018-03-29""","""jour""",11,45.473166356565,-73.645805638972
7,48,"""M�fait""","""2018-03-29""","""jour""",11,45.4772390981345,-73.6153179285682
7,53,"""Introduction""","""2018-03-31""","""nuit""",13,45.4306422679592,-73.6472664474696
7,54,"""Introduction""","""2018-03-31""","""jour""",13,45.4183110198028,-73.6191720214225
7,55,"""M�fait""","""2018-03-31""","""jour""",13,45.4334314863186,-73.5971002302445
7,56,"""Vol dans / sur v�hicule � moteur""","""2018-03-31""","""soir""",13,45.4288766413714,-73.60911993585
7,57,"""Vol dans / sur v�hicule � moteur""","""2018-03-30""","""jour""",13,45.4374477909005,-73.6178654235096
7,58,"""Introduction""","""2018-03-29""","""jour""",13,45.4306422679592,-73.6472664474696
7,59,"""Vol dans / sur v�hicule � moteur""","""2018-03-29""","""soir""",13,45.4474160988679,-73.610239743791
7,60,"""Vol de v�hicule � moteur""","""2018-03-29""","""jour""",13,45.4324032161828,-73.6298912135042
7,61,"""Vol de v�hicule � moteur""","""2018-03-29""","""jour""",13,45.4324032161828,-73.6298912135042
7,62,"""Vol de v�hicule � moteur""","""2018-03-29""","""jour""",13,45.4324032161828,-73.6298912135042
7,107,"""M�fait""","""2018-03-31""","""jour""",26,45.4953928591904,-73.6272795186648
7,108,"""Introduction""","""2018-03-30""","""jour""",26,45.5055015663233,-73.6282686196144
7,109,"""M�fait""","""2018-03-30""","""soir""",26,1.0,1.0
7,110,"""Vol de v�hicule � moteur""","""2018-03-30""","""jour""",26,45.4925351101922,-73.6272193203607
7,111,"""Vols qualifi�s""","""2018-03-30""","""soir""",26,45.4879431446461,-73.6392855745175
7,112,"""Introduction""","""2018-03-29""","""jour""",26,45.507043733916,-73.6264775598123
7,113,"""M�fait""","""2018-03-29""","""jour""",26,45.4910780054969,-73.6452619626816
7,114,"""M�fait""","""2018-03-29""","""jour""",26,45.48716521888,-73.6376078819947
7,115,"""M�fait""","""2018-03-29""","""jour""",26,45.4896796921026,-73.6421353142831
7,116,"""M�fait""","""2018-03-29""","""jour""",26,45.4926955633223,-73.6391198842448
7,117,"""M�fait""","""2018-03-29""","""soir""",26,45.4892826277176,-73.6314568480458
7,118,"""Vol de v�hicule � moteur""","""2018-03-29""","""nuit""",26,45.4907365938949,-73.6455034755285
7,119,"""M�fait""","""2018-03-28""","""jour""",26,45.5054732070729,-73.6212877471566
7,13,"""Vol de v�hicule � moteur""","""2018-03-31""","""nuit""",7,45.4869087255012,-73.7385420221326
7,14,"""Vol dans / sur v�hicule � moteur""","""2018-03-30""","""jour""",7,45.5312725210475,-73.6738792681034
7,15,"""Vol dans / sur v�hicule � moteur""","""2018-03-30""","""jour""",7,45.5198205878461,-73.670662756382
7,16,"""Vol dans / sur v�hicule � moteur""","""2018-03-30""","""jour""",7,45.5221183295084,-73.7040478156886
7,17,"""Vol dans / sur v�hicule � moteur""","""2018-03-30""","""jour""",7,45.5227931957954,-73.6807915226635
7,18,"""Vol de v�hicule � moteur""","""2018-03-30""","""soir""",7,45.5128462980696,-73.6846308153077
7,12,"""Vol dans / sur v�hicule � moteur""","""2018-03-28""","""jour""",4,45.4676342881714,-73.8506580193613
7,255,"""Introduction""","""2018-03-31""","""soir""",5,45.4822248141756,-73.7980187130588
7,256,"""M�fait""","""2018-03-31""","""soir""",5,45.4389758704803,-73.7396752942032
7,257,"""Vol de v�hicule � moteur""","""2018-03-30""","""nuit""",5,45.4556319202307,-73.7323160098665
7,258,"""M�fait""","""2018-03-29""","""soir""",5,45.4493724610712,-73.8181293189703
7,259,"""M�fait""","""2018-03-28""","""soir""",5,45.4542508230156,-73.7359877037905
7,260,"""M�fait""","""2018-03-28""","""soir""",5,1.0,1.0
7,261,"""M�fait""","""2018-03-28""","""jour""",5,45.4562394884345,-73.7472848607821
7,262,"""Vol dans / sur v�hicule � moteur""","""2018-03-28""","""soir""",5,45.4437936711129,-73.7408658383188
7,263,"""Vol de v�hicule � moteur""","""2018-03-28""","""jour""",5,45.4604937913911,-73.7251949502819
7,264,"""Vols qualifi�s""","""2018-03-28""","""soir""",5,45.4625627564722,-73.8292167425863
7,265,"""M�fait""","""2018-03-27""","""jour""",5,45.4562394884345,-73.7472848607821
7,1,"""Introduction""","""2018-03-30""","""jour""",1,45.4573808595275,-73.8683590161935
7,2,"""M�fait""","""2018-03-30""","""jour""",1,45.4522638616021,-73.8741551071207
7,3,"""M�fait""","""2018-03-29""","""soir""",1,45.4398882699525,-73.886046471441
7,4,"""Vol dans / sur v�hicule � moteur""","""2018-03-29""","""soir""",1,45.4032720217711,-73.9503769320627
8,277,"""Introduction""","""2018-03-22""","""soir""",1,45.4484958917836,-73.8822145379649
8,278,"""Introduction""","""2018-03-22""","""jour""",1,45.4602410270131,-73.854949187133
8,279,"""Introduction""","""2018-03-22""","""jour""",1,45.4433306909101,-73.8847110468409
8,280,"""Introduction""","""2018-03-23""","""jour""",1,45.431255144283,-73.8499687318474
8,281,"""Vol de v�hicule � moteur""","""2018-03-23""","""jour""",1,45.429234967159,-73.9028413650152
8,282,"""Introduction""","""2018-03-24""","""jour""",1,45.4464777744734,-73.8825373899635
8,283,"""Vol dans / sur v�hicule � moteur""","""2018-03-25""","""jour""",1,45.447893359452,-73.8540918680194
8,284,"""Vol de v�hicule � moteur""","""2018-03-26""","""soir""",1,45.4042764743263,-73.9535078196314
8,285,"""Vols qualifi�s""","""2018-03-26""","""soir""",1,45.4467125231857,-73.853128276066
8,292,"""M�fait""","""2018-03-23""","""nuit""",4,45.4707017349593,-73.8324952984208
8,293,"""Vol dans / sur v�hicule � moteur""","""2018-03-24""","""jour""",4,45.5024677060635,-73.7872712093885
8,311,"""Introduction""","""2018-03-22""","""jour""",8,45.4419825757744,-73.6684957319394
8,312,"""M�fait""","""2018-03-22""","""jour""",8,1.0,1.0
8,313,"""M�fait""","""2018-03-22""","""jour""",8,45.4419729965479,-73.6748691019431
8,314,"""Vol de v�hicule � moteur""","""2018-03-22""","""soir""",8,45.45623636068,-73.7198721352281
8,315,"""Introduction""","""2018-03-23""","""soir""",8,45.4385910864403,-73.6934504387016
8,316,"""M�fait""","""2018-03-25""","""jour""",8,45.4459426566505,-73.6769395321579
8,317,"""M�fait""","""2018-03-25""","""jour""",8,1.0,1.0
8,318,"""M�fait""","""2018-03-25""","""jour""",8,45.4348956586579,-73.6688832411123
8,319,"""M�fait""","""2018-03-26""","""jour""",8,45.4331607989583,-73.6676215525151
8,286,"""Introduction""","""2018-03-22""","""jour""",3,45.513154309321,-73.827435923401
8,287,"""Vol dans / sur v�hicule � moteur""","""2018-03-23""","""soir""",3,45.4610133691881,-73.9202925705232
8,288,"""Vol dans / sur v�hicule � moteur""","""2018-03-24""","""jour""",3,45.5109190024836,-73.807022999879
8,289,"""Introduction""","""2018-03-25""","""jour""",3,45.503845696042,-73.8617214052588
8,290,"""Introduction""","""2018-03-25""","""jour""",3,45.4741515497511,-73.8749432826784
8,291,"""M�fait""","""2018-03-26""","""nuit""",3,45.5100861067195,-73.8069431221708
8,624,"""M�fait""","""2018-03-23""","""jour""",5,45.4459726839572,-73.7239295068569
8,625,"""M�fait""","""2018-03-23""","""jour""",5,45.4663927646669,-73.8279130981457
8,626,"""M�fait""","""2018-03-23""","""jour""",5,45.4349255759012,-73.8109993424607
8,627,"""Vol dans / sur v�hicule � moteur""","""2018-03-23""","""soir""",5,45.4827987784001,-73.7882542749925
8,628,"""Vol dans / sur v�hicule � moteur""","""2018-03-23""","""soir""",5,45.4700039122407,-73.7128703212388
8,629,"""Vol de v�hicule � moteur""","""2018-03-23""","""soir""",5,45.4556319202307,-73.7323160098665
8,630,"""Introduction""","""2018-03-24""","""soir""",5,45.4823966108073,-73.7875327575117
8,631,"""Vol dans / sur v�hicule � moteur""","""2018-03-24""","""soir""",5,45.4625627564722,-73.8292167425863
8,632,"""Vol de v�hicule � moteur""","""2018-03-24""","""jour""",5,45.4495499522697,-73.7425034542873
8,633,"""M�fait""","""2018-03-26""","""soir""",5,45.4390291701738,-73.8270839714686
8,634,"""Vol dans / sur v�hicule � moteur""","""2018-03-26""","""soir""",5,45.4625627564722,-73.8292167425863
8,635,"""Vol de v�hicule � moteur""","""2018-03-23""","""soir""",55,45.4562394884345,-73.7472848607821
8,294,"""M�fait""","""2018-03-22""","""jour""",7,45.5198503183266,-73.7337794735569
8,295,"""M�fait""","""2018-03-22""","""soir""",7,45.4875057075347,-73.7166720560858
8,296,"""M�fait""","""2018-03-22""","""soir""",7,45.4875057075347,-73.7166720560858
8,297,"""Vol de v�hicule � moteur""","""2018-03-22""","""jour""",7,45.4925997586742,-73.7014739236836
8,298,"""Vol de v�hicule � moteur""","""2018-03-22""","""jour""",7,45.4937608373019,-73.7086875453828
8,299,"""Introduction""","""2018-03-23""","""soir""",7,45.5064113890768,-73.6927124257345
8,300,"""Vol dans / sur v�hicule � moteur""","""2018-03-23""","""soir""",7,45.490240950234,-73.691815373559
8,301,"""Vol de v�hicule � moteur""","""2018-03-23""","""jour""",7,45.5139309955587,-73.6593425724487
8,302,"""Introduction""","""2018-03-24""","""soir""",7,45.5196233706959,-73.6757949192402
8,303,"""Introduction""","""2018-03-24""","""nuit""",7,45.5066011122587,-73.7008095412479
8,304,"""Introduction""","""2018-03-26""","""jour""",7,45.4898273659745,-73.7393890707504
8,305,"""Introduction""","""2018-03-26""","""nuit""",7,45.4802065280069,-73.7479514904976
8,306,"""Introduction""","""2018-03-26""","""soir""",7,45.5272110364498,-73.6912506485378
8,307,"""Introduction""","""2018-03-26""","""jour""",7,45.5122576971673,-73.691681480745
8,308,"""Vol dans / sur v�hicule � moteur""","""2018-03-26""","""nuit""",7,45.5046015862949,-73.6811674190436
8,309,"""Vol dans / sur v�hicule � moteur""","""2018-03-26""","""jour""",7,45.508689767267,-73.6857127458201
8,310,"""Vol de v�hicule � moteur""","""2018-03-26""","""jour""",7,45.4802065280069,-73.7479514904976
8,322,"""Introduction""","""2018-03-25""","""nuit""",9,45.4660089881624,-73.6534457929373
8,323,"""Introduction""","""2018-03-26""","""soir""",9,45.4654993597801,-73.659688447942
8,324,"""Vol dans / sur v�hicule � moteur""","""2018-03-26""","""jour""",9,45.4811702562311,-73.6358708981442
8,320,"""Vol dans / sur v�hicule � moteur""","""2018-03-26""","""jour""",8,45.444954382683,-73.6759273455381
8,321,"""Vol de v�hicule � moteur""","""2018-03-26""","""jour""",8,45.4437455313208,-73.7169446917986
8,349,"""Introduction""","""2018-03-22""","""jour""",13,45.4294798397022,-73.5932435033285
8,350,"""M�fait""","""2018-03-24""","""soir""",13,45.431026120707,-73.635206065688
8,351,"""Vol dans / sur v�hicule � moteur""","""2018-03-25""","""soir""",13,45.4439387454457,-73.6147183860688
8,352,"""M�fait""","""2018-03-26""","""soir""",13,45.4215058622684,-73.6350364047562
8,353,"""M�fait""","""2018-03-26""","""soir""",13,45.4205415930018,-73.6301634766661
8,354,"""M�fait""","""2018-03-26""","""soir""",13,45.4227438642496,-73.6404552897756
8,355,"""M�fait""","""2018-03-26""","""soir""",13,45.4290163110084,-73.5985543767199
8,356,"""M�fait""","""2018-03-26""","""jour""",13,45.4311987258145,-73.6189096794597
8,357,"""M�fait""","""2018-03-26""","""soir""",13,45.4361094108502,-73.6240939744545
8,358,"""Vol dans / sur v�hicule � moteur""","""2018-03-26""","""jour""",13,45.4425741470395,-73.616997517407
8,359,"""Vol de v�hicule � moteur""","""2018-03-26""","""jour""",13,45.4425741470395,-73.616997517407
8,360,"""Vol de v�hicule � moteur""","""2018-03-26""","""soir""",13,45.4288766413714,-73.60911993585
8,333,"""Vol dans / sur v�hicule � moteur""","""2018-03-22""","""jour""",11,45.4604206659072,-73.6260852012385
8,334,"""M�fait""","""2018-03-23""","""jour""",11,45.4646896574475,-73.6454743191133
8,335,"""M�fait""","""2018-03-24""","""jour""",11,45.4608769089622,-73.6343563590932
8,336,"""M�fait""","""2018-03-25""","""jour""",11,45.4604206659072,-73.6260852012385
8,337,"""M�fait""","""2018-03-25""","""jour""",11,45.4604206659072,-73.6260852012385
8,338,"""Introduction""","""2018-03-26""","""jour""",11,45.476701750405,-73.639352629992
8,339,"""Introduction""","""2018-03-26""","""soir""",11,45.468157717912,-73.6427801265166
8,340,"""Introduction""","""2018-03-26""","""jour""",11,45.4732789878009,-73.6249097604382
8,341,"""M�fait""","""2018-03-26""","""nuit""",11,45.4712048950657,-73.6019637877536
8,342,"""M�fait""","""2018-03-26""","""soir""",11,45.4637247075041,-73.6289698270757
8,441,"""M�fait""","""2018-03-22""","""soir""",26,45.4793298539689,-73.6246084790303
8,442,"""Vol dans / sur v�hicule � moteur""","""2018-03-22""","""nuit""",26,45.4921600451495,-73.6443651148226
8,443,"""Vol dans / sur v�hicule � moteur""","""2018-03-22""","""jour""",26,45.5105135415027,-73.6253361507698
8,444,"""Vol de v�hicule � moteur""","""2018-03-25""","""jour""",26,45.5023753554662,-73.6294443944221
8,445,"""Vol de v�hicule � moteur""","""2018-03-25""","""soir""",26,45.4946726204123,-73.6528839619059
8,446,"""Vol de v�hicule � moteur""","""2018-03-25""","""jour""",26,45.512656492058,-73.6279537302041
8,447,"""Introduction""","""2018-03-26""","""jour""",26,45.4872854958959,-73.6218195317309
8,448,"""Introduction""","""2018-03-26""","""jour""",26,45.512998094199,-73.6248021317082
8,449,"""M�fait""","""2018-03-26""","""soir""",26,45.4896796921026,-73.6421353142831
8,450,"""M�fait""","""2018-03-26""","""jour""",26,45.509848797765,-73.6240699801906
8,451,"""Vol dans / sur v�hicule � moteur""","""2018-03-26""","""soir""",26,45.4932359742803,-73.6543422751686
8,452,"""Vol dans / sur v�hicule � moteur""","""2018-03-26""","""soir""",26,45.5004808109127,-73.6466001327714
9,658,"""Introduction""","""2018-03-25""","""jour""",3,45.503845696042,-73.8617214052588
9,659,"""Introduction""","""2018-03-25""","""jour""",3,45.4741515497511,-73.8749432826784
9,660,"""Vol dans / sur v�hicule � moteur""","""2018-03-24""","""jour""",3,45.5109190024836,-73.807022999879
9,661,"""Vol dans / sur v�hicule � moteur""","""2018-03-23""","""soir""",3,45.4610133691881,-73.9202925705232
9,662,"""Introduction""","""2018-03-22""","""jour""",3,45.513154309321,-73.827435923401
9,663,"""Introduction""","""2018-03-25""","""jour""",3,45.503845696042,-73.8617214052588
9,664,"""Introduction""","""2018-03-25""","""jour""",3,45.4741515497511,-73.8749432826784
9,665,"""Vol dans / sur v�hicule � moteur""","""2018-03-24""","""jour""",3,45.5109190024836,-73.807022999879
9,666,"""Vol dans / sur v�hicule � moteur""","""2018-03-23""","""soir""",3,45.4610133691881,-73.9202925705232
9,667,"""Introduction""","""2018-03-22""","""jour""",3,45.513154309321,-73.827435923401
9,668,"""Vol dans / sur v�hicule � moteur""","""2018-03-24""","""jour""",4,45.5024677060635,-73.7872712093885
9,669,"""M�fait""","""2018-03-23""","""nuit""",4,45.4707017349593,-73.8324952984208
9,670,"""M�fait""","""2018-03-21""","""nuit""",4,45.4949293811537,-73.8036194338424
9,671,"""Vol dans / sur v�hicule � moteur""","""2018-03-21""","""soir""",4,45.4888477444666,-73.8014238895514
9,937,"""Introduction""","""2018-03-24""","""soir""",5,45.4823966108073,-73.7875327575117
9,938,"""Vol dans / sur v�hicule � moteur""","""2018-03-24""","""soir""",5,45.4625627564722,-73.8292167425863
9,672,"""Introduction""","""2018-03-24""","""soir""",7,45.5196233706959,-73.6757949192402
9,673,"""Introduction""","""2018-03-24""","""nuit""",7,45.5066011122587,-73.7008095412479
9,674,"""Introduction""","""2018-03-23""","""soir""",7,45.5064113890768,-73.6927124257345
9,939,"""Vol de v�hicule � moteur""","""2018-03-24""","""jour""",5,45.4495499522697,-73.7425034542873
9,940,"""M�fait""","""2018-03-23""","""jour""",5,45.4459726839572,-73.7239295068569
9,941,"""M�fait""","""2018-03-23""","""jour""",5,45.4663927646669,-73.8279130981457
9,942,"""M�fait""","""2018-03-23""","""jour""",5,45.4349255759012,-73.8109993424607
9,943,"""Vol dans / sur v�hicule � moteur""","""2018-03-23""","""soir""",5,45.4827987784001,-73.7882542749925
9,944,"""Vol dans / sur v�hicule � moteur""","""2018-03-23""","""soir""",5,45.4700039122407,-73.7128703212388
9,945,"""Vol de v�hicule � moteur""","""2018-03-23""","""soir""",5,45.4556319202307,-73.7323160098665
9,946,"""M�fait""","""2018-03-21""","""jour""",5,45.465085409848,-73.7846117312399
9,947,"""Vol dans / sur v�hicule � moteur""","""2018-03-21""","""jour""",5,45.4292049401491,-73.8246755273673
9,948,"""Vol de v�hicule � moteur""","""2018-03-21""","""soir""",5,45.4562394884345,-73.7472848607821
9,949,"""Vol de v�hicule � moteur""","""2018-03-23""","""soir""",55,45.4562394884345,-73.7472848607821
9,686,"""M�fait""","""2018-03-25""","""jour""",8,45.4459426566505,-73.6769395321579
9,687,"""M�fait""","""2018-03-25""","""jour""",8,1.0,1.0
9,688,"""M�fait""","""2018-03-25""","""jour""",8,45.4348956586579,-73.6688832411123
9,689,"""Introduction""","""2018-03-23""","""soir""",8,45.4385910864403,-73.6934504387016
9,690,"""Introduction""","""2018-03-22""","""jour""",8,45.4419825757744,-73.6684957319394
9,691,"""M�fait""","""2018-03-22""","""jour""",8,1.0,1.0
9,692,"""M�fait""","""2018-03-22""","""jour""",8,45.4419729965479,-73.6748691019431
9,693,"""Vol de v�hicule � moteur""","""2018-03-22""","""soir""",8,45.45623636068,-73.7198721352281
9,694,"""Introduction""","""2018-03-21""","""soir""",8,45.4460237152977,-73.6826113315798
9,675,"""Vol dans / sur v�hicule � moteur""","""2018-03-23""","""soir""",7,45.490240950234,-73.691815373559
9,676,"""Vol de v�hicule � moteur""","""2018-03-23""","""jour""",7,45.5139309955587,-73.6593425724487
9,677,"""M�fait""","""2018-03-22""","""jour""",7,45.5198503183266,-73.7337794735569
9,678,"""M�fait""","""2018-03-22""","""soir""",7,45.4875057075347,-73.7166720560858
9,679,"""M�fait""","""2018-03-22""","""soir""",7,45.4875057075347,-73.7166720560858
9,680,"""Vol de v�hicule � moteur""","""2018-03-22""","""jour""",7,45.4925997586742,-73.7014739236836
9,681,"""Vol de v�hicule � moteur""","""2018-03-22""","""jour""",7,45.4937608373019,-73.7086875453828
9,682,"""Introduction""","""2018-03-21""","""jour""",7,45.5099864913274,-73.6743169623091
9,683,"""M�fait""","""2018-03-21""","""nuit""",7,45.5306417751471,-73.6773180162943
9,684,"""Vol de v�hicule � moteur""","""2018-03-21""","""jour""",7,45.490240950234,-73.691815373559
9,685,"""Vol de v�hicule � moteur""","""2018-03-21""","""soir""",7,45.4963773786195,-73.7008256595816
9,695,"""M�fait""","""2018-03-21""","""jour""",8,45.4481453764173,-73.6752648959578
9,696,"""Vol dans / sur v�hicule � moteur""","""2018-03-21""","""jour""",8,45.4449559323779,-73.6749182658324
9,697,"""Introduction""","""2018-03-25""","""nuit""",9,45.4660089881624,-73.6534457929373
9,698,"""Introduction""","""2018-03-21""","""jour""",9,45.4660862278619,-73.6646231621268
9,705,"""M�fait""","""2018-03-25""","""jour""",11,45.4604206659072,-73.6260852012385
9,706,"""M�fait""","""2018-03-25""","""jour""",11,45.4604206659072,-73.6260852012385
9,707,"""M�fait""","""2018-03-24""","""jour""",11,45.4608769089622,-73.6343563590932
9,708,"""M�fait""","""2018-03-23""","""jour""",11,45.4646896574475,-73.6454743191133
9,709,"""Vol dans / sur v�hicule � moteur""","""2018-03-22""","""jour""",11,45.4604206659072,-73.6260852012385
9,710,"""Vol de v�hicule � moteur""","""2018-03-21""","""nuit""",11,45.4568063500918,-73.643118539576
9,718,"""Vol dans / sur v�hicule � moteur""","""2018-03-25""","""soir""",13,45.4439387454457,-73.6147183860688
9,719,"""M�fait""","""2018-03-24""","""soir""",13,45.431026120707,-73.635206065688
9,720,"""Introduction""","""2018-03-22""","""jour""",13,45.4294798397022,-73.5932435033285
9,721,"""M�fait""","""2018-03-21""","""jour""",13,45.4364348112164,-73.6253755463485
9,722,"""Vol dans / sur v�hicule � moteur""","""2018-03-21""","""jour""",13,45.4240175522871,-73.6531049030934
9,723,"""Vol dans / sur v�hicule � moteur""","""2018-03-21""","""jour""",13,45.4240175522871,-73.6531049030934
9,724,"""Vol dans / sur v�hicule � moteur""","""2018-03-21""","""jour""",13,45.4298324325574,-73.6437075138202
9,725,"""Vol dans / sur v�hicule � moteur""","""2018-03-21""","""jour""",13,45.4157853254049,-73.637821241002
9,726,"""Vols qualifi�s""","""2018-03-21""","""jour""",13,45.4363780997602,-73.6122728974517
9,796,"""Vol de v�hicule � moteur""","""2018-03-25""","""jour""",26,45.5023753554662,-73.6294443944221
9,797,"""Vol de v�hicule � moteur""","""2018-03-25""","""soir""",26,45.4946726204123,-73.6528839619059
9,798,"""Vol de v�hicule � moteur""","""2018-03-25""","""jour""",26,45.512656492058,-73.6279537302041
9,799,"""M�fait""","""2018-03-22""","""soir""",26,45.4793298539689,-73.6246084790303
9,800,"""Vol dans / sur v�hicule � moteur""","""2018-03-22""","""nuit""",26,45.4921600451495,-73.6443651148226
9,801,"""Vol dans / sur v�hicule � moteur""","""2018-03-22""","""jour""",26,45.5105135415027,-73.6253361507698
9,802,"""Introduction""","""2018-03-21""","""soir""",26,45.4998921356559,-73.6300333268251
9,803,"""M�fait""","""2018-03-21""","""jour""",26,45.4957131588733,-73.6102743287807
10,49,"""M�fait""","""2018-03-31""","""jour""",12,45.4857572368624,-73.5977125754051
10,50,"""Vols qualifi�s""","""2018-03-30""","""soir""",12,45.4950745411398,-73.5814121067585
10,51,"""Vol dans / sur v�hicule � moteur""","""2018-03-29""","""soir""",12,45.4944304771922,-73.5785333909326
10,52,"""M�fait""","""2018-03-28""","""jour""",12,45.4810410853167,-73.5934808121164
10,63,"""Introduction""","""2018-03-30""","""soir""",15,45.4815757570711,-73.5722138810993
10,64,"""Introduction""","""2018-03-29""","""soir""",15,45.4840480811698,-73.5579415120233
10,65,"""M�fait""","""2018-03-29""","""soir""",15,45.4854958681759,-73.5723648526993
10,66,"""Introduction""","""2018-03-28""","""jour""",15,45.4830158146504,-73.576449278089
10,67,"""M�fait""","""2018-03-28""","""jour""",15,45.4631570807307,-73.5970671037555
10,68,"""Introduction""","""2018-03-31""","""jour""",16,1.0,1.0
10,69,"""M�fait""","""2018-03-29""","""jour""",16,45.4532528369002,-73.5765846738422
10,70,"""M�fait""","""2018-03-29""","""jour""",16,45.4568537478907,-73.5501095165097
10,71,"""M�fait""","""2018-03-29""","""nuit""",16,45.4660611506056,-73.5636336074868
10,72,"""M�fait""","""2018-03-29""","""jour""",16,45.4629257982309,-73.5702499898766
10,73,"""Vol de v�hicule � moteur""","""2018-03-29""","""jour""",16,45.4578750212313,-73.5553400697699
10,74,"""Vol dans / sur v�hicule � moteur""","""2018-03-28""","""jour""",16,45.4487803270875,-73.5769549646998
10,75,"""M�fait""","""2018-03-31""","""nuit""",20,45.4993966764428,-73.5580555234855
10,76,"""Introduction""","""2018-03-30""","""jour""",20,45.4927857175588,-73.5577933579124
10,77,"""M�fait""","""2018-03-29""","""soir""",20,45.5032359622469,-73.5668817385197
10,78,"""Vol dans / sur v�hicule � moteur""","""2018-03-29""","""soir""",20,45.5002049622656,-73.5856730658368
10,79,"""Vol dans / sur v�hicule � moteur""","""2018-03-29""","""nuit""",20,45.505373642249,-73.5677447968167
10,80,"""Vol dans / sur v�hicule � moteur""","""2018-03-29""","""soir""",20,1.0,1.0
10,81,"""Introduction""","""2018-03-28""","""soir""",20,45.5033822921352,-73.5684356913166
10,82,"""Vol dans / sur v�hicule � moteur""","""2018-03-28""","""soir""",20,1.0,1.0
10,83,"""Vol dans / sur v�hicule � moteur""","""2018-03-28""","""jour""",20,45.4941925109642,-73.575914719533
10,84,"""Vol dans / sur v�hicule � moteur""","""2018-03-28""","""soir""",20,1.0,1.0
10,85,"""Vol dans / sur v�hicule � moteur""","""2018-03-28""","""jour""",20,45.498053635593,-73.5774807062329
10,86,"""Vol dans / sur v�hicule � moteur""","""2018-03-28""","""jour""",20,45.500011818806,-73.5729192723381
10,87,"""Vol dans / sur v�hicule � moteur""","""2018-03-28""","""jour""",20,45.497441063919,-73.5568028259788
10,266,"""M�fait""","""2018-03-31""","""jour""",21,45.5169098979196,-73.5674619666346
10,267,"""Vol dans / sur v�hicule � moteur""","""2018-03-31""","""jour""",21,45.5086304194252,-73.551952418003
10,268,"""Vol dans / sur v�hicule � moteur""","""2018-03-31""","""soir""",21,45.5058185848764,-73.5536419388608
10,269,"""M�fait""","""2018-03-30""","""jour""",21,45.5005878737566,-73.5583509149269
10,270,"""M�fait""","""2018-03-30""","""soir""",21,45.512773363861,-73.5491235058314
10,271,"""Vol dans / sur v�hicule � moteur""","""2018-03-29""","""soir""",21,45.5053616716024,-73.5531998136427
10,272,"""M�fait""","""2018-03-28""","""soir""",21,45.5077464750186,-73.5626485209305
10,273,"""M�fait""","""2018-03-28""","""jour""",21,45.5150207923933,-73.5661961912092
10,274,"""M�fait""","""2018-03-27""","""jour""",21,45.5068013397909,-73.566507285228
10,275,"""Vol dans / sur v�hicule � moteur""","""2018-03-27""","""jour""",21,45.5098706673471,-73.5638225691963
10,276,"""Vol dans / sur v�hicule � moteur""","""2018-03-27""","""soir""",21,45.5061990813526,-73.5556216666139
10,88,"""M�fait""","""2018-03-31""","""nuit""",22,45.5209947456528,-73.5532516156632
10,89,"""M�fait""","""2018-03-29""","""nuit""",22,45.5345439949482,-73.5563043964397
11,343,"""M�fait""","""2018-03-23""","""jour""",12,45.4780272790423,-73.5973101921349
11,344,"""Vol dans / sur v�hicule � moteur""","""2018-03-24""","""soir""",12,45.4933042967883,-73.5783864306028
11,345,"""Vol de v�hicule � moteur""","""2018-03-24""","""jour""",12,1.0,1.0
11,346,"""Introduction""","""2018-03-25""","""nuit""",12,45.4918848180234,-73.5815368842415
11,347,"""Vol dans / sur v�hicule � moteur""","""2018-03-25""","""jour""",12,45.4868530669493,-73.6143860082852
11,348,"""Vols qualifi�s""","""2018-03-26""","""soir""",12,45.4818628683845,-73.5953877465304
11,361,"""Vol de v�hicule � moteur""","""2018-03-22""","""nuit""",15,45.4601903215594,-73.5926238227882
11,362,"""Vol dans / sur v�hicule � moteur""","""2018-03-23""","""jour""",15,45.4866653388837,-73.5502817156624
11,363,"""Vol dans / sur v�hicule � moteur""","""2018-03-23""","""soir""",15,45.4781155462272,-73.5836784055528
11,364,"""Introduction""","""2018-03-24""","""soir""",15,45.4791938608771,-73.5531458782398
11,365,"""Vol dans / sur v�hicule � moteur""","""2018-03-25""","""jour""",15,1.0,1.0
11,366,"""M�fait""","""2018-03-26""","""jour""",15,45.4476662583995,-73.5955868977884
11,367,"""M�fait""","""2018-03-26""","""jour""",15,45.4474968376254,-73.5965353627835
11,368,"""M�fait""","""2018-03-26""","""soir""",15,45.4479206810968,-73.5942458424091
11,369,"""M�fait""","""2018-03-26""","""jour""",15,45.4815799177329,-73.5693179233771
11,370,"""Vols qualifi�s""","""2018-03-26""","""soir""",15,45.4509931087756,-73.594189272792
11,371,"""Introduction""","""2018-03-22""","""soir""",16,45.4632140598469,-73.5767604080495
11,372,"""Introduction""","""2018-03-22""","""soir""",16,45.4660611506056,-73.5636336074868
11,373,"""Introduction""","""2018-03-22""","""soir""",16,1.0,1.0
11,374,"""M�fait""","""2018-03-22""","""jour""",16,45.4703466630355,-73.5618857115447
11,375,"""Introduction""","""2018-03-23""","""soir""",16,45.4584372562899,-73.5674150152029
11,376,"""M�fait""","""2018-03-23""","""soir""",16,45.4479583086064,-73.5550131857947
11,377,"""Vol dans / sur v�hicule � moteur""","""2018-03-23""","""jour""",16,45.474266951153,-73.5701286455388
11,378,"""Introduction""","""2018-03-24""","""jour""",16,45.4372955348891,-73.5869529972995
11,379,"""M�fait""","""2018-03-24""","""jour""",16,45.4554524934622,-73.5445456657201
11,380,"""M�fait""","""2018-03-24""","""jour""",16,45.4601380632026,-73.5672616052577
11,381,"""Introduction""","""2018-03-25""","""jour""",16,45.4630234204145,-73.5724295865785
11,382,"""Introduction""","""2018-03-25""","""soir""",16,45.4372955348891,-73.5869529972995
11,383,"""Introduction""","""2018-03-26""","""nuit""",16,45.4630676878734,-73.5735641252917
11,384,"""Introduction""","""2018-03-26""","""jour""",16,45.4366294710835,-73.5871788464094
11,385,"""M�fait""","""2018-03-26""","""soir""",16,45.4584372562899,-73.5674150152029
11,386,"""Vol dans / sur v�hicule � moteur""","""2018-03-26""","""jour""",16,45.4576488913695,-73.5761590875613
11,387,"""M�fait""","""2018-03-22""","""jour""",20,45.4965498247941,-73.5763320381455
11,388,"""Vol dans / sur v�hicule � moteur""","""2018-03-22""","""soir""",20,45.500741119892,-73.5652954801729
11,389,"""Vol dans / sur v�hicule � moteur""","""2018-03-22""","""jour""",20,45.5011735635979,-73.5661610240371
11,390,"""M�fait""","""2018-03-23""","""soir""",20,45.4958811095993,-73.5731349863126
11,391,"""M�fait""","""2018-03-23""","""jour""",20,45.5095877102506,-73.5913435069204
11,392,"""Vol dans / sur v�hicule � moteur""","""2018-03-23""","""jour""",20,45.507550284165,-73.570314511571
11,393,"""Vol dans / sur v�hicule � moteur""","""2018-03-23""","""soir""",20,45.505373642249,-73.5677447968167
11,394,"""Vol dans / sur v�hicule � moteur""","""2018-03-23""","""soir""",20,45.4933033104658,-73.5574318201936
11,395,"""Vol dans / sur v�hicule � moteur""","""2018-03-23""","""nuit""",20,45.504226659485,-73.5653788496505
11,396,"""Vol de v�hicule � moteur""","""2018-03-23""","""soir""",20,45.4958933788039,-73.5603274644425
11,397,"""Introduction""","""2018-03-24""","""soir""",20,1.0,1.0
11,398,"""Introduction""","""2018-03-24""","""soir""",20,45.4966795454747,-73.5787851389051
11,399,"""Vol dans / sur v�hicule � moteur""","""2018-03-24""","""jour""",20,45.497963900133,-73.5803761831983
11,400,"""Vol dans / sur v�hicule � moteur""","""2018-03-24""","""jour""",20,45.500741119892,-73.5652954801729
11,401,"""Introduction""","""2018-03-25""","""jour""",20,45.4965883311579,-73.5700365977447
11,402,"""M�fait""","""2018-03-25""","""nuit""",20,45.498017738165,-73.5708894312731
11,403,"""M�fait""","""2018-03-25""","""soir""",20,45.5014366344461,-73.5700858287485
11,404,"""Vol dans / sur v�hicule � moteur""","""2018-03-25""","""jour""",20,45.4995332523524,-73.5761503004438
11,405,"""Introduction""","""2018-03-26""","""soir""",20,45.4974014869094,-73.5780824053483
11,406,"""Vol dans / sur v�hicule � moteur""","""2018-03-26""","""soir""",20,45.4991112742126,-73.5625531618869
11,407,"""Vol dans / sur v�hicule � moteur""","""2018-03-26""","""jour""",20,45.4995332523524,-73.5761503004438
11,636,"""Introduction""","""2018-03-22""","""jour""",21,45.506205187534,-73.564030554495
11,637,"""Introduction""","""2018-03-22""","""jour""",21,45.5109868727448,-73.5544234523556
11,638,"""M�fait""","""2018-03-23""","""jour""",21,45.5136269541166,-73.5574729541403
11,639,"""Vol dans / sur v�hicule � moteur""","""2018-03-23""","""nuit""",21,45.5078164881533,-73.570147590901
11,640,"""Introduction""","""2018-03-24""","""jour""",21,1.0,1.0
11,641,"""Introduction""","""2018-03-24""","""soir""",21,45.5207802730852,-73.565719377572
11,642,"""M�fait""","""2018-03-24""","""soir""",21,45.5042285538657,-73.55820039748
11,643,"""Vol dans / sur v�hicule � moteur""","""2018-03-24""","""soir""",21,45.5064886456848,-73.556366116911
11,644,"""Vol dans / sur v�hicule � moteur""","""2018-03-24""","""soir""",21,45.513440400166,-73.5627543624789
11,645,"""Vol dans / sur v�hicule � moteur""","""2018-03-24""","""jour""",21,45.5086304194252,-73.551952418003
11,646,"""Introduction""","""2018-03-25""","""nuit""",21,45.506205187534,-73.564030554495
11,647,"""Vol dans / sur v�hicule � moteur""","""2018-03-25""","""jour""",21,45.5042285538657,-73.55820039748
11,648,"""Vol dans / sur v�hicule � moteur""","""2018-03-25""","""jour""",21,45.5064886456848,-73.556366116911
11,649,"""Vol dans / sur v�hicule � moteur""","""2018-03-25""","""jour""",21,45.5077228270169,-73.5523911555771
11,650,"""Vol dans / sur v�hicule � moteur""","""2018-03-25""","""jour""",21,45.5077228270169,-73.5523911555771
11,651,"""Introduction""","""2018-03-26""","""jour""",21,45.5105872503339,-73.5653296195101
11,652,"""M�fait""","""2018-03-26""","""soir""",21,45.5140843539584,-73.564163051148
11,653,"""M�fait""","""2018-03-26""","""jour""",21,45.5042285538657,-73.55820039748
11,654,"""Vol dans / sur v�hicule � moteur""","""2018-03-26""","""nuit""",21,45.5026877900179,-73.5593175800635
11,655,"""Vol dans / sur v�hicule � moteur""","""2018-03-26""","""jour""",21,45.5159250231664,-73.5584998527585
11,656,"""M�fait""","""2018-03-23""","""nuit""",50,45.4511673878779,-73.5932620883023
11,657,"""M�fait""","""2018-03-23""","""nuit""",50,45.5012674923347,-73.5603542659313
11,408,"""Introduction""","""2018-03-22""","""soir""",22,45.5238936933037,-73.5575097393754
11,409,"""Introduction""","""2018-03-22""","""jour""",22,45.5202379985373,-73.5516433058928
11,410,"""Introduction""","""2018-03-22""","""jour""",22,45.5253506181069,-73.5647505732287
11,411,"""Vol dans / sur v�hicule � moteur""","""2018-03-22""","""nuit""",22,45.5164786339348,-73.5549071438202
11,412,"""M�fait""","""2018-03-23""","""jour""",22,45.5174573648687,-73.5570712397007
11,413,"""Vols qualifi�s""","""2018-03-24""","""jour""",22,45.5224859365535,-73.5565046841496
11,414,"""Introduction""","""2018-03-25""","""nuit""",22,45.5253506181069,-73.5647505732287
11,415,"""M�fait""","""2018-03-25""","""jour""",22,45.5301176506405,-73.5544550607186
11,416,"""M�fait""","""2018-03-26""","""jour""",22,45.5340150855638,-73.5568365741247
11,417,"""Vol dans / sur v�hicule � moteur""","""2018-03-26""","""jour""",22,45.5214411855814,-73.549877740292
12,711,"""Introduction""","""2018-03-25""","""nuit""",12,45.4918848180234,-73.5815368842415
12,712,"""Vol dans / sur v�hicule � moteur""","""2018-03-25""","""jour""",12,45.4868530669493,-73.6143860082852
12,713,"""Vol dans / sur v�hicule � moteur""","""2018-03-24""","""soir""",12,45.4933042967883,-73.5783864306028
12,750,"""Introduction""","""2018-03-25""","""jour""",20,45.4965883311579,-73.5700365977447
12,751,"""M�fait""","""2018-03-25""","""nuit""",20,45.498017738165,-73.5708894312731
12,752,"""M�fait""","""2018-03-25""","""soir""",20,45.5014366344461,-73.5700858287485
12,753,"""Vol dans / sur v�hicule � moteur""","""2018-03-25""","""jour""",20,45.4995332523524,-73.5761503004438
12,754,"""Introduction""","""2018-03-24""","""soir""",20,1.0,1.0
12,755,"""Introduction""","""2018-03-24""","""soir""",20,45.4966795454747,-73.5787851389051
12,756,"""Vol dans / sur v�hicule � moteur""","""2018-03-24""","""jour""",20,45.497963900133,-73.5803761831983
12,757,"""Vol dans / sur v�hicule � moteur""","""2018-03-24""","""jour""",20,45.500741119892,-73.5652954801729
12,758,"""M�fait""","""2018-03-23""","""soir""",20,45.4958811095993,-73.5731349863126
12,759,"""M�fait""","""2018-03-23""","""jour""",20,45.5095877102506,-73.5913435069204
12,714,"""Vol de v�hicule � moteur""","""2018-03-24""","""jour""",12,1.0,1.0
12,715,"""M�fait""","""2018-03-23""","""jour""",12,45.4780272790423,-73.5973101921349
12,716,"""Introduction""","""2018-03-21""","""jour""",12,45.4944304771922,-73.5785333909326
12,717,"""Vol dans / sur v�hicule � moteur""","""2018-03-21""","""jour""",12,45.4944304771922,-73.5785333909326
12,727,"""Vol dans / sur v�hicule � moteur""","""2018-03-25""","""jour""",15,1.0,1.0
12,728,"""Introduction""","""2018-03-24""","""soir""",15,45.4791938608771,-73.5531458782398
12,729,"""Vol dans / sur v�hicule � moteur""","""2018-03-23""","""jour""",15,45.4866653388837,-73.5502817156624
12,730,"""Vol dans / sur v�hicule � moteur""","""2018-03-23""","""soir""",15,45.4781155462272,-73.5836784055528
12,731,"""Vol de v�hicule � moteur""","""2018-03-22""","""nuit""",15,45.4601903215594,-73.5926238227882
12,732,"""Vol dans / sur v�hicule � moteur""","""2018-03-21""","""jour""",15,45.4476662583995,-73.5955868977884
12,733,"""Introduction""","""2018-03-25""","""jour""",16,45.4630234204145,-73.5724295865785
12,734,"""Introduction""","""2018-03-25""","""soir""",16,45.4372955348891,-73.5869529972995
12,735,"""Introduction""","""2018-03-24""","""jour""",16,45.4372955348891,-73.5869529972995
12,736,"""M�fait""","""2018-03-24""","""jour""",16,45.4554524934622,-73.5445456657201
12,737,"""M�fait""","""2018-03-24""","""jour""",16,45.4601380632026,-73.5672616052577
12,738,"""Introduction""","""2018-03-23""","""soir""",16,45.4584372562899,-73.5674150152029
12,739,"""M�fait""","""2018-03-23""","""soir""",16,45.4479583086064,-73.5550131857947
12,740,"""Vol dans / sur v�hicule � moteur""","""2018-03-23""","""jour""",16,45.474266951153,-73.5701286455388
12,741,"""Introduction""","""2018-03-22""","""soir""",16,45.4632140598469,-73.5767604080495
12,742,"""Introduction""","""2018-03-22""","""soir""",16,45.4660611506056,-73.5636336074868
12,743,"""Introduction""","""2018-03-22""","""soir""",16,1.0,1.0
12,744,"""M�fait""","""2018-03-22""","""jour""",16,45.4703466630355,-73.5618857115447
12,745,"""Introduction""","""2018-03-21""","""soir""",16,45.4488120398441,-73.5834991942804
12,746,"""Introduction""","""2018-03-21""","""jour""",16,45.4437638265085,-73.5766956769467
12,747,"""Introduction""","""2018-03-21""","""nuit""",16,45.4455200228319,-73.5810616420853
12,748,"""M�fait""","""2018-03-21""","""jour""",16,45.445581147374,-73.5772606158871
12,749,"""Vol dans / sur v�hicule � moteur""","""2018-03-21""","""jour""",16,45.444136787487,-73.5774040535675
12,760,"""Vol dans / sur v�hicule � moteur""","""2018-03-23""","""jour""",20,45.507550284165,-73.570314511571
12,761,"""Vol dans / sur v�hicule � moteur""","""2018-03-23""","""soir""",20,45.505373642249,-73.5677447968167
12,762,"""Vol dans / sur v�hicule � moteur""","""2018-03-23""","""soir""",20,45.4933033104658,-73.5574318201936
12,763,"""Vol dans / sur v�hicule � moteur""","""2018-03-23""","""nuit""",20,45.504226659485,-73.5653788496505
12,764,"""Vol de v�hicule � moteur""","""2018-03-23""","""soir""",20,45.4958933788039,-73.5603274644425
12,765,"""M�fait""","""2018-03-22""","""jour""",20,45.4965498247941,-73.5763320381455
12,766,"""Vol dans / sur v�hicule � moteur""","""2018-03-22""","""soir""",20,45.500741119892,-73.5652954801729
12,767,"""Vol dans / sur v�hicule � moteur""","""2018-03-22""","""jour""",20,45.5011735635979,-73.5661610240371
12,768,"""Vol dans / sur v�hicule � moteur""","""2018-03-21""","""soir""",20,45.5011202581795,-73.5772803665221
12,769,"""Vols qualifi�s""","""2018-03-21""","""soir""",20,45.5013500870881,-73.5716056303812
12,950,"""Introduction""","""2018-03-25""","""nuit""",21,45.506205187534,-73.564030554495
12,951,"""Vol dans / sur v�hicule � moteur""","""2018-03-25""","""jour""",21,45.5042285538657,-73.55820039748
12,952,"""Vol dans / sur v�hicule � moteur""","""2018-03-25""","""jour""",21,45.5064886456848,-73.556366116911
12,953,"""Vol dans / sur v�hicule � moteur""","""2018-03-25""","""jour""",21,45.5077228270169,-73.5523911555771
12,954,"""Vol dans / sur v�hicule � moteur""","""2018-03-25""","""jour""",21,45.5077228270169,-73.5523911555771
12,955,"""Introduction""","""2018-03-24""","""jour""",21,1.0,1.0
12,956,"""Introduction""","""2018-03-24""","""soir""",21,45.5207802730852,-73.565719377572
12,957,"""M�fait""","""2018-03-24""","""soir""",21,45.5042285538657,-73.55820039748
12,958,"""Vol dans / sur v�hicule � moteur""","""2018-03-24""","""soir""",21,45.5064886456848,-73.556366116911
12,959,"""Vol dans / sur v�hicule � moteur""","""2018-03-24""","""soir""",21,45.513440400166,-73.5627543624789
12,960,"""Vol dans / sur v�hicule � moteur""","""2018-03-24""","""jour""",21,45.5086304194252,-73.551952418003
12,961,"""M�fait""","""2018-03-23""","""jour""",21,45.5136269541166,-73.5574729541403
12,962,"""Vol dans / sur v�hicule � moteur""","""2018-03-23""","""nuit""",21,45.5078164881533,-73.570147590901
12,963,"""Introduction""","""2018-03-22""","""jour""",21,45.506205187534,-73.564030554495
12,964,"""Introduction""","""2018-03-22""","""jour""",21,45.5109868727448,-73.5544234523556
12,965,"""Introduction""","""2018-03-21""","""jour""",21,1.0,1.0
12,966,"""Introduction""","""2018-03-21""","""jour""",21,45.5150357186545,-73.5633107920424
12,967,"""Introduction""","""2018-03-21""","""nuit""",21,45.5159078651562,-73.5652413156732
12,968,"""Vol dans / sur v�hicule � moteur""","""2018-03-21""","""nuit""",21,45.515813358143,-73.5568857138268
12,969,"""Vol dans / sur v�hicule � moteur""","""2018-03-21""","""jour""",21,45.5098706673471,-73.5638225691963
12,970,"""Vol dans / sur v�hicule � moteur""","""2018-03-21""","""jour""",21,45.5148344731593,-73.5528427063066
12,971,"""Vol dans / sur v�hicule � moteur""","""2018-03-21""","""soir""",21,45.5090880325931,-73.5533417462875
12,972,"""Vol dans / sur v�hicule � moteur""","""2018-03-21""","""soir""",21,45.5020800241862,-73.5556573816061
12,973,"""M�fait""","""2018-03-23""","""nuit""",50,45.4511673878779,-73.5932620883023
12,974,"""M�fait""","""2018-03-23""","""nuit""",50,45.5012674923347,-73.5603542659313
12,770,"""Introduction""","""2018-03-25""","""nuit""",22,45.5253506181069,-73.5647505732287
12,771,"""M�fait""","""2018-03-25""","""jour""",22,45.5301176506405,-73.5544550607186
12,772,"""Vols qualifi�s""","""2018-03-24""","""jour""",22,45.5224859365535,-73.5565046841496
12,773,"""M�fait""","""2018-03-23""","""jour""",22,45.5174573648687,-73.5570712397007
12,774,"""Introduction""","""2018-03-22""","""soir""",22,45.5238936933037,-73.5575097393754
12,775,"""Introduction""","""2018-03-22""","""jour""",22,45.5202379985373,-73.5516433058928
12,776,"""Introduction""","""2018-03-22""","""jour""",22,45.5253506181069,-73.5647505732287
12,777,"""Vol dans / sur v�hicule � moteur""","""2018-03-22""","""nuit""",22,45.5164786339348,-73.5549071438202
12,778,"""Introduction""","""2018-03-21""","""jour""",22,45.5253506181069,-73.5647505732287